Handle,Title,Body (HTML),Vendor,Type,Tags,Published,Option1 Name,Option1 Value,Option2 Name,Option2 Value,Option3 Name,Option3 Value,Variant SKU,Variant Grams,Variant Inventory Tracker,Variant Inventory Qty,Variant Inventory Policy,Variant Fulfillment Service,Variant Price,Variant Compare At Price,Variant Requires Shipping,Variant Taxable,Variant Barcode,Image Src,Image Alt Text,Gift Card,SEO Title,SEO Description,Google Shopping / Google Product Category,Google Shopping / Gender,Google Shopping / Age Group,Google Shopping / MPN,Google Shopping / AdWords Grouping,Google Shopping / AdWords Labels,Google Shopping / Condition,Google Shopping / Custom Product,Google Shopping / Custom Label 0,Google Shopping / Custom Label 1,Google Shopping / Custom Label 2,Google Shopping / Custom Label 3,Google Shopping / Custom Label 4,Variant Image,Variant Weight Unit,Variant Tax Code
bunny-wunny-indygo,Bunny wunny - Indygo,"<span>Pellentesque habitant morbi tristique senectus et netus et malesuada fames ac turpis egestas. Vestibulum tortor quam, feugiat vitae, ultricies eget, tempor sit amet, ante. Donec eu libero sit amet quam egestas semper. Aenean ultricies mi vitae est. Mauris placerat eleifend leo...</span>",Nike,"","0$-100$, blue, L, new, orange, pick, S",true,Sizes :,L,Colors :,orange,,,"",0,,1,deny,manual,35.00,65.00,true,true,"",https://cdn.shopify.com/s/files/1/1564/5749/products/img1.jpg?v=1477626931,,false,,,,,,,,,,,,,,,,https://cdn.shopify.com/s/files/1/1564/5749/products/img1.jpg?v=1477626931,kg,
bunny-wunny-indygo,,,,,,,,L,,black,,,"",0,,1,deny,manual,35.00,65.00,true,true,"",https://cdn.shopify.com/s/files/1/1564/5749/products/img2.jpg?v=1477626936,,,,,,,,,,,,,,,,,,https://cdn.shopify.com/s/files/1/1564/5749/products/img2.jpg?v=1477626936,kg,
bunny-wunny-indygo,,,,,,,,S,,orange,,,"",0,,1,deny,manual,35.00,65.00,true,true,"",https://cdn.shopify.com/s/files/1/1564/5749/products/img3.jpg?v=1477626941,,,,,,,,,,,,,,,,,,https://cdn.shopify.com/s/files/1/1564/5749/products/img3.jpg?v=1477626941,kg,
bunny-wunny-indygo,,,,,,,,S,,black,,,"",0,,1,deny,manual,35.00,65.00,true,true,"",https://cdn.shopify.com/s/files/1/1564/5749/products/img4.jpg?v=1477626945,,,,,,,,,,,,,,,,,,https://cdn.shopify.com/s/files/1/1564/5749/products/img4.jpg?v=1477626945,kg,
bunny-wunny-indygo-1,Bunny wunny - Indygo,"<span>Pellentesque habitant morbi tristique senectus et netus et malesuada fames ac turpis egestas. Vestibulum tortor quam, feugiat vitae, ultricies eget, tempor sit amet, ante. Donec eu libero sit amet quam egestas semper. Aenean ultricies mi vitae est. Mauris placerat eleifend leo...</span>",Hermer,"","0$-100$, blue, L, orange, pick, S",true,Size,L,Color,orange,,,"",0,,1,deny,manual,35.00,65.00,true,true,"",https://cdn.shopify.com/s/files/1/1564/5749/products/img2_ed4d10ce-8e81-432c-9680-cf7491ad6b96.jpg?v=1477627244,,false,,,,,,,,,,,,,,,,,kg,
bunny-wunny-indygo-1,,,,,,,,L,,pick,,,"",0,,1,deny,manual,35.00,65.00,true,true,"",https://cdn.shopify.com/s/files/1/1564/5749/products/img1_4a323783-9b99-4680-a4a9-7bd8cc3a2c05.jpg?v=1477627244,,,,,,,,,,,,,,,,,,,kg,
bunny-wunny-indygo-1,,,,,,,,S,,orange,,,"",0,,1,deny,manual,35.00,65.00,true,true,"",https://cdn.shopify.com/s/files/1/1564/5749/products/img3_37a0d0ba-06b0-4c22-9c69-bf760054a4a1.jpg?v=1477627244,,,,,,,,,,,,,,,,,,,kg,
bunny-wunny-indygo-1,,,,,,,,S,,pick,,,"",0,,1,deny,manual,35.00,65.00,true,true,"",https://cdn.shopify.com/s/files/1/1564/5749/products/img4_821dc50b-a92b-4d9d-a393-d9959e90f7e2.jpg?v=1477627244,,,,,,,,,,,,,,,,,,,kg,
bunny-wunny-indygo-10,Bunny wunny - Indygo,"<span>Pellentesque habitant morbi tristique senectus et netus et malesuada fames ac turpis egestas. Vestibulum tortor quam, feugiat vitae, ultricies eget, tempor sit amet, ante. Donec eu libero sit amet quam egestas semper. Aenean ultricies mi vitae est. Mauris placerat eleifend leo...</span>",Zara,"","500$-600$, gray, M, new",true,Title,Default Title,,,,,"",0,,1,deny,manual,35.00,65.00,true,true,"",https://cdn.shopify.com/s/files/1/1564/5749/products/img11_3051cde4-695f-444e-ae3c-d0e0642d0853.jpg?v=1477639384,,false,,,,,,,,,,,,,,,,,kg,
bunny-wunny-indygo-10,,,,,,,,,,,,,,,,,,,,,,,,https://cdn.shopify.com/s/files/1/1564/5749/products/img10_ab5a2db3-538c-466e-aa9f-524cc11607e4.jpg?v=1477639384,,,,,,,,,,,,,,,,,,,,
bunny-wunny-indygo-10,,,,,,,,,,,,,,,,,,,,,,,,https://cdn.shopify.com/s/files/1/1564/5749/products/img9_a24c3d17-9e22-4d95-ba3e-75c1db9e612b.jpg?v=1477639384,,,,,,,,,,,,,,,,,,,,
bunny-wunny-indygo-10,,,,,,,,,,,,,,,,,,,,,,,,https://cdn.shopify.com/s/files/1/1564/5749/products/img12_3fe0ac95-6439-42e3-bffb-de423eea709a.jpg?v=1477639384,,,,,,,,,,,,,,,,,,,,
bunny-wunny-indygo-10,,,,,,,,,,,,,,,,,,,,,,,,https://cdn.shopify.com/s/files/1/1564/5749/products/img8_23aa4802-0028-47f8-b946-1b732098a882.jpg?v=1477639384,,,,,,,,,,,,,,,,,,,,
bunny-wunny-indygo-11,Bunny wunny - Indygo,"<span>Pellentesque habitant morbi tristique senectus et netus et malesuada fames ac turpis egestas. Vestibulum tortor quam, feugiat vitae, ultricies eget, tempor sit amet, ante. Donec eu libero sit amet quam egestas semper. Aenean ultricies mi vitae est. Mauris placerat eleifend leo...</span>",Versace,"","600$-800$, blue, gray, M, new",true,Title,Default Title,,,,,"",0,,1,deny,manual,35.00,65.00,true,true,"",https://cdn.shopify.com/s/files/1/1564/5749/products/img12_ac5e8cf7-9844-49a7-b14a-f6a936da8e50.jpg?v=1477639446,,false,,,,,,,,,,,,,,,,,kg,
bunny-wunny-indygo-11,,,,,,,,,,,,,,,,,,,,,,,,https://cdn.shopify.com/s/files/1/1564/5749/products/img11_2f43ae83-f146-413f-b79c-d2f66e12f158.jpg?v=1477639446,,,,,,,,,,,,,,,,,,,,
bunny-wunny-indygo-11,,,,,,,,,,,,,,,,,,,,,,,,https://cdn.shopify.com/s/files/1/1564/5749/products/img10_bcc9f47c-ca06-45db-8185-a66a0206eff1.jpg?v=1477639446,,,,,,,,,,,,,,,,,,,,
bunny-wunny-indygo-11,,,,,,,,,,,,,,,,,,,,,,,,https://cdn.shopify.com/s/files/1/1564/5749/products/img9_c66d7ae8-c957-46eb-98f7-24b5dd44c2ad.jpg?v=1477639446,,,,,,,,,,,,,,,,,,,,
bunny-wunny-indygo-11,,,,,,,,,,,,,,,,,,,,,,,,https://cdn.shopify.com/s/files/1/1564/5749/products/img8_119f7d24-b6b2-44f5-aa06-cdc2c137e52d.jpg?v=1477639446,,,,,,,,,,,,,,,,,,,,
bunny-wunny-indygo-12,Bunny wunny - Indygo,"<span>Pellentesque habitant morbi tristique senectus et netus et malesuada fames ac turpis egestas. Vestibulum tortor quam, feugiat vitae, ultricies eget, tempor sit amet, ante. Donec eu libero sit amet quam egestas semper. Aenean ultricies mi vitae est. Mauris placerat eleifend leo...</span>",Hug Boss,"","600$-800$, pick, S",true,Title,Default Title,,,,,"",0,,1,deny,manual,35.00,65.00,true,true,"",https://cdn.shopify.com/s/files/1/1564/5749/products/img1_84fb1108-7ff4-4e60-b02c-4e8af75c6b6d.jpg?v=1477639549,,false,,,,,,,,,,,,,,,,,kg,
bunny-wunny-indygo-12,,,,,,,,,,,,,,,,,,,,,,,,https://cdn.shopify.com/s/files/1/1564/5749/products/img2_c2fd2bee-0650-4c51-88df-a6002d081992.jpg?v=1477639551,,,,,,,,,,,,,,,,,,,,
bunny-wunny-indygo-12,,,,,,,,,,,,,,,,,,,,,,,,https://cdn.shopify.com/s/files/1/1564/5749/products/img3_f54e933c-6834-4f08-86a3-e59c31545629.jpg?v=1477639553,,,,,,,,,,,,,,,,,,,,
bunny-wunny-indygo-12,,,,,,,,,,,,,,,,,,,,,,,,https://cdn.shopify.com/s/files/1/1564/5749/products/img4_c061edd8-2e39-41d1-8e5b-fead2b43ce16.jpg?v=1477639555,,,,,,,,,,,,,,,,,,,,
bunny-wunny-indygo-13,Bunny wunny - Indygo,"<span>Pellentesque habitant morbi tristique senectus et netus et malesuada fames ac turpis egestas. Vestibulum tortor quam, feugiat vitae, ultricies eget, tempor sit amet, ante. Donec eu libero sit amet quam egestas semper. Aenean ultricies mi vitae est. Mauris placerat eleifend leo...</span>",Louis Vuitton,"","200$-300$, blue, L",true,Title,Default Title,,,,,"",0,,1,deny,manual,35.00,65.00,true,true,"",https://cdn.shopify.com/s/files/1/1564/5749/products/img2_b9ccbd48-4a5e-48ab-a77a-628aeecc0d25.jpg?v=1477639627,,false,,,,,,,,,,,,,,,,,kg,
bunny-wunny-indygo-13,,,,,,,,,,,,,,,,,,,,,,,,https://cdn.shopify.com/s/files/1/1564/5749/products/img1_f01c4a1a-7176-46f5-9c52-4766a6760afc.jpg?v=1477639627,,,,,,,,,,,,,,,,,,,,
bunny-wunny-indygo-13,,,,,,,,,,,,,,,,,,,,,,,,https://cdn.shopify.com/s/files/1/1564/5749/products/img3_2f5be193-464d-45fe-b771-b5d841bb2d2b.jpg?v=1477639627,,,,,,,,,,,,,,,,,,,,
bunny-wunny-indygo-13,,,,,,,,,,,,,,,,,,,,,,,,https://cdn.shopify.com/s/files/1/1564/5749/products/img4_1ecd8f21-fd1b-4634-8132-f77f38ad2868.jpg?v=1477639627,,,,,,,,,,,,,,,,,,,,
bunny-wunny-indygo-14,Bunny wunny - Indygo,"<span>Pellentesque habitant morbi tristique senectus et netus et malesuada fames ac turpis egestas. Vestibulum tortor quam, feugiat vitae, ultricies eget, tempor sit amet, ante. Donec eu libero sit amet quam egestas semper. Aenean ultricies mi vitae est. Mauris placerat eleifend leo...</span>",Nike,"","300$-400$, gray, Hot, L",true,Title,Default Title,,,,,"",0,,1,deny,manual,35.00,65.00,true,true,"",https://cdn.shopify.com/s/files/1/1564/5749/products/img3_4cb48bac-9d89-4e0d-b06a-0bb280c5bfd2.jpg?v=1477639690,,false,,,,,,,,,,,,,,,,,kg,
bunny-wunny-indygo-14,,,,,,,,,,,,,,,,,,,,,,,,https://cdn.shopify.com/s/files/1/1564/5749/products/img2_9ded2a9e-624e-49e3-b323-e0c53eb2cc12.jpg?v=1477639690,,,,,,,,,,,,,,,,,,,,
bunny-wunny-indygo-14,,,,,,,,,,,,,,,,,,,,,,,,https://cdn.shopify.com/s/files/1/1564/5749/products/img1_a0adc451-4436-49e3-9c5c-d9e25dcf8ca7.jpg?v=1477639690,,,,,,,,,,,,,,,,,,,,
bunny-wunny-indygo-14,,,,,,,,,,,,,,,,,,,,,,,,https://cdn.shopify.com/s/files/1/1564/5749/products/img4_dcb287df-b522-447d-bd4f-6661f75a6f0e.jpg?v=1477639690,,,,,,,,,,,,,,,,,,,,
bunny-wunny-indygo-15,Bunny wunny - Indygo,"<span>Pellentesque habitant morbi tristique senectus et netus et malesuada fames ac turpis egestas. Vestibulum tortor quam, feugiat vitae, ultricies eget, tempor sit amet, ante. Donec eu libero sit amet quam egestas semper. Aenean ultricies mi vitae est. Mauris placerat eleifend leo...</span>",Happychild demo,"","500$-600$, gray, L",true,Title,Default Title,,,,,"",0,,1,deny,manual,35.00,65.00,true,true,"",https://cdn.shopify.com/s/files/1/1564/5749/products/img4_95cef42c-8acd-4ac4-81c1-72fbc23aa9c7.jpg?v=1477640043,,false,,,,,,,,,,,,,,,,,kg,
bunny-wunny-indygo-15,,,,,,,,,,,,,,,,,,,,,,,,https://cdn.shopify.com/s/files/1/1564/5749/products/img3_a234ee01-fef4-4791-a36e-19f798449039.jpg?v=1477640043,,,,,,,,,,,,,,,,,,,,
bunny-wunny-indygo-15,,,,,,,,,,,,,,,,,,,,,,,,https://cdn.shopify.com/s/files/1/1564/5749/products/img2_fedd886c-235e-4a25-bc4e-52e2503fdcd9.jpg?v=1477640043,,,,,,,,,,,,,,,,,,,,
bunny-wunny-indygo-15,,,,,,,,,,,,,,,,,,,,,,,,https://cdn.shopify.com/s/files/1/1564/5749/products/img1_c1440718-67f1-498e-b257-00d89af4fe1a.jpg?v=1477640043,,,,,,,,,,,,,,,,,,,,
bunny-wunny-indygo-16,Bunny wunny - Indygo,"<span>Pellentesque habitant morbi tristique senectus et netus et malesuada fames ac turpis egestas. Vestibulum tortor quam, feugiat vitae, ultricies eget, tempor sit amet, ante. Donec eu libero sit amet quam egestas semper. Aenean ultricies mi vitae est. Mauris placerat eleifend leo...</span>",Happychild demo,"","500$-600$, blue, gray, L",true,Title,Default Title,,,,,"",0,,1,deny,manual,35.00,65.00,true,true,"",https://cdn.shopify.com/s/files/1/1564/5749/products/img5_8d080070-52c9-4ac1-80dd-451ea1b51f8f.jpg?v=1477640127,,false,,,,,,,,,,,,,,,,,kg,
bunny-wunny-indygo-16,,,,,,,,,,,,,,,,,,,,,,,,https://cdn.shopify.com/s/files/1/1564/5749/products/img6_f43828c8-c183-481b-b250-bf4643c028b3.jpg?v=1477640129,,,,,,,,,,,,,,,,,,,,
bunny-wunny-indygo-16,,,,,,,,,,,,,,,,,,,,,,,,https://cdn.shopify.com/s/files/1/1564/5749/products/img7_2a4f93fb-e204-4547-b1d9-b18efa904157.jpg?v=1477640132,,,,,,,,,,,,,,,,,,,,
bunny-wunny-indygo-16,,,,,,,,,,,,,,,,,,,,,,,,https://cdn.shopify.com/s/files/1/1564/5749/products/img8_13f9f0d6-9f9b-4b1b-98e3-4c624caec2b3.jpg?v=1477640137,,,,,,,,,,,,,,,,,,,,
bunny-wunny-indygo-17,Bunny wunny - Indygo,"<span>Pellentesque habitant morbi tristique senectus et netus et malesuada fames ac turpis egestas. Vestibulum tortor quam, feugiat vitae, ultricies eget, tempor sit amet, ante. Donec eu libero sit amet quam egestas semper. Aenean ultricies mi vitae est. Mauris placerat eleifend leo...</span>",Hug Boss,"","600$-800$, dark, gray, M, orange",true,Title,Default Title,,,,,"",0,,1,deny,manual,35.00,65.00,true,true,"",https://cdn.shopify.com/s/files/1/1564/5749/products/img6_8afb5635-1c23-4936-b63b-f1a679a9a3c2.jpg?v=1477640177,,false,,,,,,,,,,,,,,,,,kg,
bunny-wunny-indygo-17,,,,,,,,,,,,,,,,,,,,,,,,https://cdn.shopify.com/s/files/1/1564/5749/products/img5_6a340097-1633-43d7-91ae-3df62d148407.jpg?v=1477640177,,,,,,,,,,,,,,,,,,,,
bunny-wunny-indygo-17,,,,,,,,,,,,,,,,,,,,,,,,https://cdn.shopify.com/s/files/1/1564/5749/products/img7_0427c73e-9ca1-4f8d-8d89-9233ca8a22c9.jpg?v=1477640177,,,,,,,,,,,,,,,,,,,,
bunny-wunny-indygo-17,,,,,,,,,,,,,,,,,,,,,,,,https://cdn.shopify.com/s/files/1/1564/5749/products/img8_8660ed65-861e-44ac-b0f8-2815eaba3def.jpg?v=1477640177,,,,,,,,,,,,,,,,,,,,
bunny-wunny-indygo-18,Bunny wunny - Indygo,"<span>Pellentesque habitant morbi tristique senectus et netus et malesuada fames ac turpis egestas. Vestibulum tortor quam, feugiat vitae, ultricies eget, tempor sit amet, ante. Donec eu libero sit amet quam egestas semper. Aenean ultricies mi vitae est. Mauris placerat eleifend leo...</span>",Versace,"","600$-800$, Hot, oflow, orange, XL",true,Title,Default Title,,,,,"",0,,1,deny,manual,35.00,65.00,true,true,"",https://cdn.shopify.com/s/files/1/1564/5749/products/img7_7790f63f-f349-45dc-8d35-822c2c1c2306.jpg?v=1477640242,,false,,,,,,,,,,,,,,,,,kg,
bunny-wunny-indygo-18,,,,,,,,,,,,,,,,,,,,,,,,https://cdn.shopify.com/s/files/1/1564/5749/products/img6_a1e41f4e-925f-47b8-a363-f83458882d3f.jpg?v=1477640242,,,,,,,,,,,,,,,,,,,,
bunny-wunny-indygo-18,,,,,,,,,,,,,,,,,,,,,,,,https://cdn.shopify.com/s/files/1/1564/5749/products/img5_9a090341-98d2-406d-8943-4a6430399e4a.jpg?v=1477640242,,,,,,,,,,,,,,,,,,,,
bunny-wunny-indygo-18,,,,,,,,,,,,,,,,,,,,,,,,https://cdn.shopify.com/s/files/1/1564/5749/products/img8_75e4039d-2e88-4c56-8652-1247922d9203.jpg?v=1477640242,,,,,,,,,,,,,,,,,,,,
bunny-wunny-indygo-19,Bunny wunny - Indygo,"<span>Pellentesque habitant morbi tristique senectus et netus et malesuada fames ac turpis egestas. Vestibulum tortor quam, feugiat vitae, ultricies eget, tempor sit amet, ante. Donec eu libero sit amet quam egestas semper. Aenean ultricies mi vitae est. Mauris placerat eleifend leo...</span>",Happychild demo,"","600$-800$, oflow, orange, S, white, XL",true,Title,Default Title,,,,,"",0,,1,deny,manual,35.00,65.00,true,true,"",https://cdn.shopify.com/s/files/1/1564/5749/products/img8_c8b88650-8df1-4513-a5b1-a98c1aa03af8.jpg?v=1477640309,,false,,,,,,,,,,,,,,,,,kg,
bunny-wunny-indygo-19,,,,,,,,,,,,,,,,,,,,,,,,https://cdn.shopify.com/s/files/1/1564/5749/products/img7_24f757fa-3207-4df7-b2e8-d512541be751.jpg?v=1477640309,,,,,,,,,,,,,,,,,,,,
bunny-wunny-indygo-19,,,,,,,,,,,,,,,,,,,,,,,,https://cdn.shopify.com/s/files/1/1564/5749/products/img6_f7f438a2-391a-47d1-a91a-c86d3b9e8f02.jpg?v=1477640309,,,,,,,,,,,,,,,,,,,,
bunny-wunny-indygo-19,,,,,,,,,,,,,,,,,,,,,,,,https://cdn.shopify.com/s/files/1/1564/5749/products/img5_80cac2de-314f-46e5-aa25-6e6e422b455f.jpg?v=1477640309,,,,,,,,,,,,,,,,,,,,
bunny-wunny-indygo-2,Bunny wunny - Indygo,"<span>Pellentesque habitant morbi tristique senectus et netus et malesuada fames ac turpis egestas. Vestibulum tortor quam, feugiat vitae, ultricies eget, tempor sit amet, ante. Donec eu libero sit amet quam egestas semper. Aenean ultricies mi vitae est. Mauris placerat eleifend leo...</span>",Fashion,"","0$-100$, blue, L, orange, pick, S",true,Size,L,Color,orange,,,"",0,,1,deny,manual,35.00,65.00,true,true,"",https://cdn.shopify.com/s/files/1/1564/5749/products/img3_61543f2d-df17-4083-9f87-701f2f0af3f3.jpg?v=1477627311,,false,,,,,,,,,,,,,,,,,kg,
bunny-wunny-indygo-2,,,,,,,,L,,pick,,,"",0,,1,deny,manual,35.00,65.00,true,true,"",https://cdn.shopify.com/s/files/1/1564/5749/products/img4_149b21f3-4efb-4a93-9ea1-7741914dd1c6.jpg?v=1477627314,,,,,,,,,,,,,,,,,,,kg,
bunny-wunny-indygo-2,,,,,,,,S,,orange,,,"",0,,1,deny,manual,35.00,65.00,true,true,"",https://cdn.shopify.com/s/files/1/1564/5749/products/img5.jpg?v=1477627318,,,,,,,,,,,,,,,,,,,kg,
bunny-wunny-indygo-2,,,,,,,,S,,pick,,,"",0,,1,deny,manual,35.00,65.00,true,true,"",https://cdn.shopify.com/s/files/1/1564/5749/products/img6.jpg?v=1477627320,,,,,,,,,,,,,,,,,,,kg,
bunny-wunny-indygo-20,Bunny wunny - Indygo,"<span>Pellentesque habitant morbi tristique senectus et netus et malesuada fames ac turpis egestas. Vestibulum tortor quam, feugiat vitae, ultricies eget, tempor sit amet, ante. Donec eu libero sit amet quam egestas semper. Aenean ultricies mi vitae est. Mauris placerat eleifend leo...</span>",Hermer,"","500$-600$, S, white, XL",true,Title,Default Title,,,,,"",0,,1,deny,manual,35.00,65.00,true,true,"",https://cdn.shopify.com/s/files/1/1564/5749/products/img9_127e5927-9b03-44d7-bd20-838e6e65980f.jpg?v=1477640401,,false,,,,,,,,,,,,,,,,,kg,
bunny-wunny-indygo-20,,,,,,,,,,,,,,,,,,,,,,,,https://cdn.shopify.com/s/files/1/1564/5749/products/img10_0ce35d8b-4fdc-48b3-84a2-c14d2ef24bfc.jpg?v=1477640405,,,,,,,,,,,,,,,,,,,,
bunny-wunny-indygo-20,,,,,,,,,,,,,,,,,,,,,,,,https://cdn.shopify.com/s/files/1/1564/5749/products/img11_f724b471-eaa1-4477-8f37-c40e36702e81.jpg?v=1477640407,,,,,,,,,,,,,,,,,,,,
bunny-wunny-indygo-20,,,,,,,,,,,,,,,,,,,,,,,,https://cdn.shopify.com/s/files/1/1564/5749/products/img12_f8243a62-4a11-4c99-943f-cf95ff2a386e.jpg?v=1477640409,,,,,,,,,,,,,,,,,,,,
bunny-wunny-indygo-21,Bunny wunny - Indygo,"<span>Pellentesque habitant morbi tristique senectus et netus et malesuada fames ac turpis egestas. Vestibulum tortor quam, feugiat vitae, ultricies eget, tempor sit amet, ante. Donec eu libero sit amet quam egestas semper. Aenean ultricies mi vitae est. Mauris placerat eleifend leo...</span>",Versace,"","500$-600$, Hot, pick, S, XL",true,Title,Default Title,,,,,"",0,,1,deny,manual,35.00,65.00,true,true,"",https://cdn.shopify.com/s/files/1/1564/5749/products/img10_3c6f967e-ab3d-4a7e-874d-e0c68b6a6a14.jpg?v=1477640489,,false,,,,,,,,,,,,,,,,,kg,
bunny-wunny-indygo-21,,,,,,,,,,,,,,,,,,,,,,,,https://cdn.shopify.com/s/files/1/1564/5749/products/img9_d52e9583-48d3-4491-91a1-61880d89532d.jpg?v=1477640489,,,,,,,,,,,,,,,,,,,,
bunny-wunny-indygo-21,,,,,,,,,,,,,,,,,,,,,,,,https://cdn.shopify.com/s/files/1/1564/5749/products/img11_a6d4da52-5b04-4bec-9324-1c1bc2b061aa.jpg?v=1477640489,,,,,,,,,,,,,,,,,,,,
bunny-wunny-indygo-21,,,,,,,,,,,,,,,,,,,,,,,,https://cdn.shopify.com/s/files/1/1564/5749/products/img12_ae1f4cd8-ef8d-4ce7-9945-9ed6b34971ae.jpg?v=1477640489,,,,,,,,,,,,,,,,,,,,
bunny-wunny-indygo-22,Bunny wunny - Indygo,"<span>Pellentesque habitant morbi tristique senectus et netus et malesuada fames ac turpis egestas. Vestibulum tortor quam, feugiat vitae, ultricies eget, tempor sit amet, ante. Donec eu libero sit amet quam egestas semper. Aenean ultricies mi vitae est. Mauris placerat eleifend leo...</span>",Versace,"","200$-300$, Hot, oflow, S",true,Title,Default Title,,,,,"",0,,1,deny,manual,35.00,65.00,true,true,"",https://cdn.shopify.com/s/files/1/1564/5749/products/img11_10af301a-a8fd-41e0-97e0-2910b73a32e9.jpg?v=1477640536,,false,,,,,,,,,,,,,,,,,kg,
bunny-wunny-indygo-22,,,,,,,,,,,,,,,,,,,,,,,,https://cdn.shopify.com/s/files/1/1564/5749/products/img10_6282f2f3-2b8d-4d60-8d68-880e288dd26a.jpg?v=1477640536,,,,,,,,,,,,,,,,,,,,
bunny-wunny-indygo-22,,,,,,,,,,,,,,,,,,,,,,,,https://cdn.shopify.com/s/files/1/1564/5749/products/img9_ffdc02f2-d513-41e9-9d32-38d85b588268.jpg?v=1477640536,,,,,,,,,,,,,,,,,,,,
bunny-wunny-indygo-22,,,,,,,,,,,,,,,,,,,,,,,,https://cdn.shopify.com/s/files/1/1564/5749/products/img12_cdb42ba3-bf3f-46cc-8f4c-99ee68e65868.jpg?v=1477640536,,,,,,,,,,,,,,,,,,,,
bunny-wunny-indygo-23,Bunny wunny - Indygo,"<span>Pellentesque habitant morbi tristique senectus et netus et malesuada fames ac turpis egestas. Vestibulum tortor quam, feugiat vitae, ultricies eget, tempor sit amet, ante. Donec eu libero sit amet quam egestas semper. Aenean ultricies mi vitae est. Mauris placerat eleifend leo...</span>",Hug Boss,"","200$-300$, oflow, S",true,Title,Default Title,,,,,"",0,,1,deny,manual,35.00,65.00,true,true,"",https://cdn.shopify.com/s/files/1/1564/5749/products/img12_04ce4b85-4635-44d0-91d2-6b8e340fc6ec.jpg?v=1477640580,,false,,,,,,,,,,,,,,,,,kg,
bunny-wunny-indygo-23,,,,,,,,,,,,,,,,,,,,,,,,https://cdn.shopify.com/s/files/1/1564/5749/products/img11_25eed230-f268-468d-a9b5-d156d3e7c110.jpg?v=1477640580,,,,,,,,,,,,,,,,,,,,
bunny-wunny-indygo-23,,,,,,,,,,,,,,,,,,,,,,,,https://cdn.shopify.com/s/files/1/1564/5749/products/img10_5291cc5a-1115-4f33-b680-282398b70611.jpg?v=1477640580,,,,,,,,,,,,,,,,,,,,
bunny-wunny-indygo-23,,,,,,,,,,,,,,,,,,,,,,,,https://cdn.shopify.com/s/files/1/1564/5749/products/img9_49f78dd5-dbd2-4069-944d-4d190f7cab54.jpg?v=1477640580,,,,,,,,,,,,,,,,,,,,
bunny-wunny-indygo-24,Bunny wunny - Indygo,"<span>Pellentesque habitant morbi tristique senectus et netus et malesuada fames ac turpis egestas. Vestibulum tortor quam, feugiat vitae, ultricies eget, tempor sit amet, ante. Donec eu libero sit amet quam egestas semper. Aenean ultricies mi vitae est. Mauris placerat eleifend leo...</span>",Versace,"","200$-300$, oflow, S",true,Title,Default Title,,,,,"",0,,1,deny,manual,35.00,65.00,true,true,"",https://cdn.shopify.com/s/files/1/1564/5749/products/img12_b7d7280a-39d4-4bbc-8560-7830ae9f8b8b.jpg?v=1477640616,,false,,,,,,,,,,,,,,,,,kg,
bunny-wunny-indygo-24,,,,,,,,,,,,,,,,,,,,,,,,https://cdn.shopify.com/s/files/1/1564/5749/products/img11_c61fb14b-05ac-4d42-a72f-d3672764251b.jpg?v=1477640616,,,,,,,,,,,,,,,,,,,,
bunny-wunny-indygo-24,,,,,,,,,,,,,,,,,,,,,,,,https://cdn.shopify.com/s/files/1/1564/5749/products/img10_49740214-9c69-4ac0-80e1-654a822e91f7.jpg?v=1477640616,,,,,,,,,,,,,,,,,,,,
bunny-wunny-indygo-24,,,,,,,,,,,,,,,,,,,,,,,,https://cdn.shopify.com/s/files/1/1564/5749/products/img9_23f6e655-2fa4-4093-ae57-9db89e984104.jpg?v=1477640616,,,,,,,,,,,,,,,,,,,,
bunny-wunny-indygo-25,Bunny wunny - Indygo,"<span>Pellentesque habitant morbi tristique senectus et netus et malesuada fames ac turpis egestas. Vestibulum tortor quam, feugiat vitae, ultricies eget, tempor sit amet, ante. Donec eu libero sit amet quam egestas semper. Aenean ultricies mi vitae est. Mauris placerat eleifend leo...</span>",Happychild demo,"","200$-300$, Hot, L, oflow, S",true,Size,S,Color,oflow,,,"",0,,1,deny,manual,35.00,65.00,true,true,"",https://cdn.shopify.com/s/files/1/1564/5749/products/img11_e01637ff-33d0-46f2-b114-c7cb1db378d1.jpg?v=1477640672,,false,,,,,,,,,,,,,,,,,kg,
bunny-wunny-indygo-25,,,,,,,,L,,oflow,,,"",0,,1,deny,manual,35.00,65.00,true,true,"",https://cdn.shopify.com/s/files/1/1564/5749/products/img12_88976d8a-d532-41dd-9e7c-633be4550704.jpg?v=1477640672,,,,,,,,,,,,,,,,,,,kg,
bunny-wunny-indygo-25,,,,,,,,,,,,,,,,,,,,,,,,https://cdn.shopify.com/s/files/1/1564/5749/products/img10_ff67087c-f289-4de9-b3ac-934bbfedc751.jpg?v=1477640672,,,,,,,,,,,,,,,,,,,,
bunny-wunny-indygo-25,,,,,,,,,,,,,,,,,,,,,,,,https://cdn.shopify.com/s/files/1/1564/5749/products/img9_913f16a0-8a28-437a-885c-30ad555e1803.jpg?v=1477640672,,,,,,,,,,,,,,,,,,,,
bunny-wunny-indygo-26,Bunny wunny - Indygo,"<span>Pellentesque habitant morbi tristique senectus et netus et malesuada fames ac turpis egestas. Vestibulum tortor quam, feugiat vitae, ultricies eget, tempor sit amet, ante. Donec eu libero sit amet quam egestas semper. Aenean ultricies mi vitae est. Mauris placerat eleifend leo...</span>",Happychild demo,"","600$-800$, pick, S",true,Title,Default Title,,,,,"",0,,1,deny,manual,35.00,65.00,true,true,"",https://cdn.shopify.com/s/files/1/1564/5749/products/img10_f1cb60e6-f462-48c6-b204-d4365b955e22.jpg?v=1477640743,,false,,,,,,,,,,,,,,,,,kg,
bunny-wunny-indygo-26,,,,,,,,,,,,,,,,,,,,,,,,https://cdn.shopify.com/s/files/1/1564/5749/products/img11_694efe41-ee8e-4d6d-8237-a707057648d0.jpg?v=1477640743,,,,,,,,,,,,,,,,,,,,
bunny-wunny-indygo-26,,,,,,,,,,,,,,,,,,,,,,,,https://cdn.shopify.com/s/files/1/1564/5749/products/img12_a25d7451-4989-4056-a3dd-0ca332499586.jpg?v=1477640743,,,,,,,,,,,,,,,,,,,,
bunny-wunny-indygo-26,,,,,,,,,,,,,,,,,,,,,,,,https://cdn.shopify.com/s/files/1/1564/5749/products/img9_05df1744-a662-47f7-b4e9-088c1d58b99d.jpg?v=1477640743,,,,,,,,,,,,,,,,,,,,
bunny-wunny-indygo-27,Bunny wunny - Indygo,"<span>Pellentesque habitant morbi tristique senectus et netus et malesuada fames ac turpis egestas. Vestibulum tortor quam, feugiat vitae, ultricies eget, tempor sit amet, ante. Donec eu libero sit amet quam egestas semper. Aenean ultricies mi vitae est. Mauris placerat eleifend leo...</span>",Zara,"","0$-100$, blue, orange, S",true,Title,Default Title,,,,,"",0,,1,deny,manual,35.00,65.00,true,true,"",https://cdn.shopify.com/s/files/1/1564/5749/products/img5_fc13fab7-088d-4eea-95c0-ea96b5e31e73.jpg?v=1477641165,,false,,,,,,,,,,,,,,,,,kg,
bunny-wunny-indygo-27,,,,,,,,,,,,,,,,,,,,,,,,https://cdn.shopify.com/s/files/1/1564/5749/products/img6_c02a0a6f-6217-4909-87e1-b8305bee01e4.jpg?v=1477641167,,,,,,,,,,,,,,,,,,,,
bunny-wunny-indygo-27,,,,,,,,,,,,,,,,,,,,,,,,https://cdn.shopify.com/s/files/1/1564/5749/products/img7_aff58b75-24cf-49ab-af54-913505d5d5fb.jpg?v=1477641169,,,,,,,,,,,,,,,,,,,,
bunny-wunny-indygo-27,,,,,,,,,,,,,,,,,,,,,,,,https://cdn.shopify.com/s/files/1/1564/5749/products/img8_252087a6-1a2a-44e7-820b-90f40145e2da.jpg?v=1477641173,,,,,,,,,,,,,,,,,,,,
bunny-wunny-indygo-28,Bunny wunny - Indygo,"<span>Pellentesque habitant morbi tristique senectus et netus et malesuada fames ac turpis egestas. Vestibulum tortor quam, feugiat vitae, ultricies eget, tempor sit amet, ante. Donec eu libero sit amet quam egestas semper. Aenean ultricies mi vitae est. Mauris placerat eleifend leo...</span>",Versace,"","100$-200$, blue, new, S, white",true,Title,Default Title,,,,,"",0,,1,deny,manual,35.00,65.00,true,true,"",https://cdn.shopify.com/s/files/1/1564/5749/products/img6_a397df6e-a305-4502-9fe5-a872ee9d4f2b.jpg?v=1477641224,,false,,,,,,,,,,,,,,,,,kg,
bunny-wunny-indygo-28,,,,,,,,,,,,,,,,,,,,,,,,https://cdn.shopify.com/s/files/1/1564/5749/products/img5_34228aa7-3b84-4522-9a27-519598d6efac.jpg?v=1477641224,,,,,,,,,,,,,,,,,,,,
bunny-wunny-indygo-28,,,,,,,,,,,,,,,,,,,,,,,,https://cdn.shopify.com/s/files/1/1564/5749/products/img7_ececffd5-d600-4692-bd52-b2d91f592f50.jpg?v=1477641224,,,,,,,,,,,,,,,,,,,,
bunny-wunny-indygo-28,,,,,,,,,,,,,,,,,,,,,,,,https://cdn.shopify.com/s/files/1/1564/5749/products/img8_5a978eff-5fc5-496f-8dec-43cebdbd27c6.jpg?v=1477641224,,,,,,,,,,,,,,,,,,,,
bunny-wunny-indygo-29,Bunny wunny - Indygo,"<span>Pellentesque habitant morbi tristique senectus et netus et malesuada fames ac turpis egestas. Vestibulum tortor quam, feugiat vitae, ultricies eget, tempor sit amet, ante. Donec eu libero sit amet quam egestas semper. Aenean ultricies mi vitae est. Mauris placerat eleifend leo...</span>",Happychild demo,"","300$-400$, blue, gray, S, white",true,Title,Default Title,,,,,"",0,,1,deny,manual,35.00,65.00,true,true,"",https://cdn.shopify.com/s/files/1/1564/5749/products/img7_45cb5a39-ffa6-4a56-8bea-147c90ea1f7e.jpg?v=1477641279,,false,,,,,,,,,,,,,,,,,kg,
bunny-wunny-indygo-29,,,,,,,,,,,,,,,,,,,,,,,,https://cdn.shopify.com/s/files/1/1564/5749/products/img6_657d0dc2-2474-4644-98c5-60bec6fd40bc.jpg?v=1477641279,,,,,,,,,,,,,,,,,,,,
bunny-wunny-indygo-29,,,,,,,,,,,,,,,,,,,,,,,,https://cdn.shopify.com/s/files/1/1564/5749/products/img5_b95b897b-96e4-48f4-aced-16c5ed7fe54a.jpg?v=1477641279,,,,,,,,,,,,,,,,,,,,
bunny-wunny-indygo-29,,,,,,,,,,,,,,,,,,,,,,,,https://cdn.shopify.com/s/files/1/1564/5749/products/img8_e6112a76-69d6-46dd-9da2-d2effe216f4c.jpg?v=1477641279,,,,,,,,,,,,,,,,,,,,
bunny-wunny-indygo-3,Bunny wunny - Indygo,"<span>Pellentesque habitant morbi tristique senectus et netus et malesuada fames ac turpis egestas. Vestibulum tortor quam, feugiat vitae, ultricies eget, tempor sit amet, ante. Donec eu libero sit amet quam egestas semper. Aenean ultricies mi vitae est. Mauris placerat eleifend leo...</span>",Hug Boss,"","100$-200$, gray, pick",true,Size,L,Color,orange,,,"",0,,1,deny,manual,35.00,65.00,true,true,"",https://cdn.shopify.com/s/files/1/1564/5749/products/img4_a51eb063-26f0-4e42-a97c-f5e328f706ce.jpg?v=1477637856,,false,,,,,,,,,,,,,,,,,kg,
bunny-wunny-indygo-3,,,,,,,,S,,orange,,,"",0,,1,deny,manual,35.00,65.00,true,true,"",https://cdn.shopify.com/s/files/1/1564/5749/products/img1_a4b62c5d-dbdc-4b81-9862-233a7ff8718a.jpg?v=1477637856,,,,,,,,,,,,,,,,,,,kg,
bunny-wunny-indygo-3,,,,,,,,,,,,,,,,,,,,,,,,https://cdn.shopify.com/s/files/1/1564/5749/products/img2_3c166456-abc8-40ce-bbc8-56380cc0b4f7.jpg?v=1477637856,,,,,,,,,,,,,,,,,,,,
bunny-wunny-indygo-3,,,,,,,,,,,,,,,,,,,,,,,,https://cdn.shopify.com/s/files/1/1564/5749/products/img3_9c9dccb8-a45c-4656-a9e3-ed74ce208475.jpg?v=1477637856,,,,,,,,,,,,,,,,,,,,
bunny-wunny-indygo-30,Bunny wunny - Indygo,"<span>Pellentesque habitant morbi tristique senectus et netus et malesuada fames ac turpis egestas. Vestibulum tortor quam, feugiat vitae, ultricies eget, tempor sit amet, ante. Donec eu libero sit amet quam egestas semper. Aenean ultricies mi vitae est. Mauris placerat eleifend leo...</span>",Happychild demo,"","300$-400$, gray, Hot, orange",true,Title,Default Title,,,,,"",0,,1,deny,manual,35.00,65.00,true,true,"",https://cdn.shopify.com/s/files/1/1564/5749/products/img8_49d402fd-fe3a-4350-b325-d2d932426ae2.jpg?v=1477641329,,false,,,,,,,,,,,,,,,,,kg,
bunny-wunny-indygo-30,,,,,,,,,,,,,,,,,,,,,,,,https://cdn.shopify.com/s/files/1/1564/5749/products/img7_66a33e5b-692c-4c6a-a0a2-0d5493cea870.jpg?v=1477641329,,,,,,,,,,,,,,,,,,,,
bunny-wunny-indygo-30,,,,,,,,,,,,,,,,,,,,,,,,https://cdn.shopify.com/s/files/1/1564/5749/products/img6_3c5e4b9f-35ab-4748-94a1-f80873645354.jpg?v=1477641329,,,,,,,,,,,,,,,,,,,,
bunny-wunny-indygo-30,,,,,,,,,,,,,,,,,,,,,,,,https://cdn.shopify.com/s/files/1/1564/5749/products/img5_b2add9ce-c304-44dd-bdbc-14f21a0b4263.jpg?v=1477641329,,,,,,,,,,,,,,,,,,,,
bunny-wunny-indygo-31,Bunny wunny - Indygo,"<span>Pellentesque habitant morbi tristique senectus et netus et malesuada fames ac turpis egestas. Vestibulum tortor quam, feugiat vitae, ultricies eget, tempor sit amet, ante. Donec eu libero sit amet quam egestas semper. Aenean ultricies mi vitae est. Mauris placerat eleifend leo...</span>",Happychild demo,"","300$-400$, 500$-600$, orange, white",true,Title,Default Title,,,,,"",0,,1,deny,manual,35.00,65.00,true,true,"",https://cdn.shopify.com/s/files/1/1564/5749/products/img1_509a167a-02f1-47d3-8498-0bf40e252aea.jpg?v=1477641403,,false,,,,,,,,,,,,,,,,,kg,
bunny-wunny-indygo-31,,,,,,,,,,,,,,,,,,,,,,,,https://cdn.shopify.com/s/files/1/1564/5749/products/img2_ff5c633b-207d-4330-9885-515348da76aa.jpg?v=1477641406,,,,,,,,,,,,,,,,,,,,
bunny-wunny-indygo-31,,,,,,,,,,,,,,,,,,,,,,,,https://cdn.shopify.com/s/files/1/1564/5749/products/img3_acc5fe1b-aeb2-4fe4-ac2a-ab8039d814da.jpg?v=1477641408,,,,,,,,,,,,,,,,,,,,
bunny-wunny-indygo-31,,,,,,,,,,,,,,,,,,,,,,,,https://cdn.shopify.com/s/files/1/1564/5749/products/img4_68b65f05-cac3-4878-932d-b9fb088ca380.jpg?v=1477641411,,,,,,,,,,,,,,,,,,,,
bunny-wunny-indygo-32,Bunny wunny - Indygo,"<span>Pellentesque habitant morbi tristique senectus et netus et malesuada fames ac turpis egestas. Vestibulum tortor quam, feugiat vitae, ultricies eget, tempor sit amet, ante. Donec eu libero sit amet quam egestas semper. Aenean ultricies mi vitae est. Mauris placerat eleifend leo...</span>",Hug Boss,"","500$-600$, blue, oflow, orange",true,Title,Default Title,,,,,"",0,,1,deny,manual,35.00,65.00,true,true,"",https://cdn.shopify.com/s/files/1/1564/5749/products/img2_86735c25-3750-406d-85cb-d435241fa1e2.jpg?v=1477641472,,false,,,,,,,,,,,,,,,,,kg,
bunny-wunny-indygo-32,,,,,,,,,,,,,,,,,,,,,,,,https://cdn.shopify.com/s/files/1/1564/5749/products/img1_fe9f5c81-3f9b-4e45-a6f5-50969e739712.jpg?v=1477641472,,,,,,,,,,,,,,,,,,,,
bunny-wunny-indygo-32,,,,,,,,,,,,,,,,,,,,,,,,https://cdn.shopify.com/s/files/1/1564/5749/products/img3_96edb5c9-7996-4620-8e60-96c3d9df3dc0.jpg?v=1477641472,,,,,,,,,,,,,,,,,,,,
bunny-wunny-indygo-32,,,,,,,,,,,,,,,,,,,,,,,,https://cdn.shopify.com/s/files/1/1564/5749/products/img4_660611d9-b768-4c14-b598-cc0ab73bdd6c.jpg?v=1477641472,,,,,,,,,,,,,,,,,,,,
bunny-wunny-indygo-33,Bunny wunny - Indygo,"<span>Pellentesque habitant morbi tristique senectus et netus et malesuada fames ac turpis egestas. Vestibulum tortor quam, feugiat vitae, ultricies eget, tempor sit amet, ante. Donec eu libero sit amet quam egestas semper. Aenean ultricies mi vitae est. Mauris placerat eleifend leo...</span>",Happychild demo,"","200$-300$, blue, dark, oflow, XL",true,Title,Default Title,,,,,"",0,,1,deny,manual,35.00,65.00,true,true,"",https://cdn.shopify.com/s/files/1/1564/5749/products/img3_df655b44-b826-40fb-9cd7-96ed2c352446.jpg?v=1477641518,,false,,,,,,,,,,,,,,,,,kg,
bunny-wunny-indygo-33,,,,,,,,,,,,,,,,,,,,,,,,https://cdn.shopify.com/s/files/1/1564/5749/products/img2_2d6e308c-d278-45e9-8aea-3e7a9f0666a4.jpg?v=1477641518,,,,,,,,,,,,,,,,,,,,
bunny-wunny-indygo-33,,,,,,,,,,,,,,,,,,,,,,,,https://cdn.shopify.com/s/files/1/1564/5749/products/img1_76528a15-9fa5-4eee-a802-c097538b46d0.jpg?v=1477641518,,,,,,,,,,,,,,,,,,,,
bunny-wunny-indygo-33,,,,,,,,,,,,,,,,,,,,,,,,https://cdn.shopify.com/s/files/1/1564/5749/products/img4_ad9acf7e-ca9b-45e2-bcce-16a3a06a43e3.jpg?v=1477641518,,,,,,,,,,,,,,,,,,,,
bunny-wunny-indygo-34,Bunny wunny - Indygo,"<span>Pellentesque habitant morbi tristique senectus et netus et malesuada fames ac turpis egestas. Vestibulum tortor quam, feugiat vitae, ultricies eget, tempor sit amet, ante. Donec eu libero sit amet quam egestas semper. Aenean ultricies mi vitae est. Mauris placerat eleifend leo...</span>",Happychild demo,"","200$-300$, 500$-600$, blue, oflow, XL",true,Title,Default Title,,,,,"",0,,1,deny,manual,35.00,65.00,true,true,"",https://cdn.shopify.com/s/files/1/1564/5749/products/img4_de43aa7d-82b3-472a-844a-8c071c147c08.jpg?v=1477641622,,false,,,,,,,,,,,,,,,,,kg,
bunny-wunny-indygo-34,,,,,,,,,,,,,,,,,,,,,,,,https://cdn.shopify.com/s/files/1/1564/5749/products/img3_889e0ec3-c80a-4583-bded-94bb15e905dd.jpg?v=1477641622,,,,,,,,,,,,,,,,,,,,
bunny-wunny-indygo-34,,,,,,,,,,,,,,,,,,,,,,,,https://cdn.shopify.com/s/files/1/1564/5749/products/img2_d4d3400b-794a-4ab2-a135-53ab7493bcb6.jpg?v=1477641622,,,,,,,,,,,,,,,,,,,,
bunny-wunny-indygo-34,,,,,,,,,,,,,,,,,,,,,,,,https://cdn.shopify.com/s/files/1/1564/5749/products/img1_50d9bc23-8758-489a-8755-90810c761f7f.jpg?v=1477641622,,,,,,,,,,,,,,,,,,,,
bunny-wunny-indygo-35,Bunny wunny - Indygo,"<span>Pellentesque habitant morbi tristique senectus et netus et malesuada fames ac turpis egestas. Vestibulum tortor quam, feugiat vitae, ultricies eget, tempor sit amet, ante. Donec eu libero sit amet quam egestas semper. Aenean ultricies mi vitae est. Mauris placerat eleifend leo...</span>",Happychild demo,"","200$-300$, blue, Hot, XL",true,Title,Default Title,,,,,"",0,,1,deny,manual,35.00,65.00,true,true,"",https://cdn.shopify.com/s/files/1/1564/5749/products/img9_00ba0499-71ac-49c2-a835-a5f52575f44d.jpg?v=1477641774,,false,,,,,,,,,,,,,,,,,kg,
bunny-wunny-indygo-35,,,,,,,,,,,,,,,,,,,,,,,,https://cdn.shopify.com/s/files/1/1564/5749/products/img4_67d809e5-ab25-4ce9-b57e-3e86796f9cba.jpg?v=1477641774,,,,,,,,,,,,,,,,,,,,
bunny-wunny-indygo-35,,,,,,,,,,,,,,,,,,,,,,,,https://cdn.shopify.com/s/files/1/1564/5749/products/img3_c6977798-a258-44af-b629-64c6455acc4f.jpg?v=1477641774,,,,,,,,,,,,,,,,,,,,
bunny-wunny-indygo-35,,,,,,,,,,,,,,,,,,,,,,,,https://cdn.shopify.com/s/files/1/1564/5749/products/img2_fc199d84-9181-4ebc-8c0f-b7dbb0371b02.jpg?v=1477641774,,,,,,,,,,,,,,,,,,,,
bunny-wunny-indygo-35,,,,,,,,,,,,,,,,,,,,,,,,https://cdn.shopify.com/s/files/1/1564/5749/products/img1_83505696-e770-49ee-9132-522d82af341f.jpg?v=1477641774,,,,,,,,,,,,,,,,,,,,
bunny-wunny-indygo-4,Bunny wunny - Indygo,"<span>Pellentesque habitant morbi tristique senectus et netus et malesuada fames ac turpis egestas. Vestibulum tortor quam, feugiat vitae, ultricies eget, tempor sit amet, ante. Donec eu libero sit amet quam egestas semper. Aenean ultricies mi vitae est. Mauris placerat eleifend leo...</span>",Versace,"","200$-300$, blue, XL",true,Title,Default Title,,,,,"",0,,1,deny,manual,35.00,65.00,true,true,"",https://cdn.shopify.com/s/files/1/1564/5749/products/img5_d39aa8e5-dda7-456d-b704-e65477c61cb2.jpg?v=1477638720,,false,,,,,,,,,,,,,,,,,kg,
bunny-wunny-indygo-4,,,,,,,,,,,,,,,,,,,,,,,,https://cdn.shopify.com/s/files/1/1564/5749/products/img6_33c46f81-8247-4d6a-a0b0-083fa3d7f578.jpg?v=1477638720,,,,,,,,,,,,,,,,,,,,
bunny-wunny-indygo-4,,,,,,,,,,,,,,,,,,,,,,,,https://cdn.shopify.com/s/files/1/1564/5749/products/img7.jpg?v=1477638720,,,,,,,,,,,,,,,,,,,,
bunny-wunny-indygo-4,,,,,,,,,,,,,,,,,,,,,,,,https://cdn.shopify.com/s/files/1/1564/5749/products/img8.jpg?v=1477638720,,,,,,,,,,,,,,,,,,,,
bunny-wunny-indygo-4,,,,,,,,,,,,,,,,,,,,,,,,https://cdn.shopify.com/s/files/1/1564/5749/products/img3_7a7cd642-87a2-4e06-b807-402abde3f68c.jpg?v=1477638720,,,,,,,,,,,,,,,,,,,,
bunny-wunny-indygo-5,Bunny wunny - Indygo,"<span>Pellentesque habitant morbi tristique senectus et netus et malesuada fames ac turpis egestas. Vestibulum tortor quam, feugiat vitae, ultricies eget, tempor sit amet, ante. Donec eu libero sit amet quam egestas semper. Aenean ultricies mi vitae est. Mauris placerat eleifend leo...</span>",Louis Vuitton,"","200$-300$, blue, dark, Hot, M",true,Title,Default Title,,,,,"",0,,1,deny,manual,35.00,65.00,true,true,"",https://cdn.shopify.com/s/files/1/1564/5749/products/img6_c36c720f-97aa-4ff9-9c40-41a06c3f9786.jpg?v=1477638836,,false,,,,,,,,,,,,,,,,,kg,
bunny-wunny-indygo-5,,,,,,,,,,,,,,,,,,,,,,,,https://cdn.shopify.com/s/files/1/1564/5749/products/img5_5048f2ea-c763-488d-8d99-49ceb8bdea92.jpg?v=1477638836,,,,,,,,,,,,,,,,,,,,
bunny-wunny-indygo-5,,,,,,,,,,,,,,,,,,,,,,,,https://cdn.shopify.com/s/files/1/1564/5749/products/img7_0e7816fe-6ff3-44b6-a811-cd2d1e80a8e7.jpg?v=1477638836,,,,,,,,,,,,,,,,,,,,
bunny-wunny-indygo-5,,,,,,,,,,,,,,,,,,,,,,,,https://cdn.shopify.com/s/files/1/1564/5749/products/img8_b355ff7a-3ca6-44eb-813c-960207021161.jpg?v=1477638836,,,,,,,,,,,,,,,,,,,,
bunny-wunny-indygo-5,,,,,,,,,,,,,,,,,,,,,,,,https://cdn.shopify.com/s/files/1/1564/5749/products/img3_5f79e22b-f1dd-4b96-8099-6cb5fec4bf62.jpg?v=1477638836,,,,,,,,,,,,,,,,,,,,
bunny-wunny-indygo-6,Bunny wunny - Indygo,"<span>Pellentesque habitant morbi tristique senectus et netus et malesuada fames ac turpis egestas. Vestibulum tortor quam, feugiat vitae, ultricies eget, tempor sit amet, ante. Donec eu libero sit amet quam egestas semper. Aenean ultricies mi vitae est. Mauris placerat eleifend leo...</span>",Zara,"","200$-300$, gray, L, new",true,Title,Default Title,,,,,"",0,,1,deny,manual,35.00,65.00,true,true,"",https://cdn.shopify.com/s/files/1/1564/5749/products/img7_4edc0826-5b88-469d-9616-9119bbddb7c3.jpg?v=1477638895,,false,,,,,,,,,,,,,,,,,kg,
bunny-wunny-indygo-6,,,,,,,,,,,,,,,,,,,,,,,,https://cdn.shopify.com/s/files/1/1564/5749/products/img6_66b4bb3c-3d0a-4ce8-a2f9-e14f89d954cf.jpg?v=1477638895,,,,,,,,,,,,,,,,,,,,
bunny-wunny-indygo-6,,,,,,,,,,,,,,,,,,,,,,,,https://cdn.shopify.com/s/files/1/1564/5749/products/img5_82dfbff1-75f1-4a89-949d-0c4872c3d0c2.jpg?v=1477638895,,,,,,,,,,,,,,,,,,,,
bunny-wunny-indygo-6,,,,,,,,,,,,,,,,,,,,,,,,https://cdn.shopify.com/s/files/1/1564/5749/products/img8_5503c65c-bfbb-44b8-960f-ad118ee22666.jpg?v=1477638895,,,,,,,,,,,,,,,,,,,,
bunny-wunny-indygo-6,,,,,,,,,,,,,,,,,,,,,,,,https://cdn.shopify.com/s/files/1/1564/5749/products/img3_1778aca6-b020-42a4-af79-1b812809efd2.jpg?v=1477638895,,,,,,,,,,,,,,,,,,,,
bunny-wunny-indygo-7,Bunny wunny - Indygo,"<span>Pellentesque habitant morbi tristique senectus et netus et malesuada fames ac turpis egestas. Vestibulum tortor quam, feugiat vitae, ultricies eget, tempor sit amet, ante. Donec eu libero sit amet quam egestas semper. Aenean ultricies mi vitae est. Mauris placerat eleifend leo...</span>",Hermer,"","300$-400$, new, oflow, S",true,Title,Default Title,,,,,"",0,,1,deny,manual,35.00,65.00,true,true,"",https://cdn.shopify.com/s/files/1/1564/5749/products/img8_88e70163-7ed9-4220-b323-152c46b9db84.jpg?v=1477638954,,false,,,,,,,,,,,,,,,,,kg,
bunny-wunny-indygo-7,,,,,,,,,,,,,,,,,,,,,,,,https://cdn.shopify.com/s/files/1/1564/5749/products/img7_bae4a7c7-977e-4d93-b610-76e023ec00d3.jpg?v=1477638954,,,,,,,,,,,,,,,,,,,,
bunny-wunny-indygo-7,,,,,,,,,,,,,,,,,,,,,,,,https://cdn.shopify.com/s/files/1/1564/5749/products/img6_30760ef3-29bb-4a7e-bfcd-a12cea164662.jpg?v=1477638954,,,,,,,,,,,,,,,,,,,,
bunny-wunny-indygo-7,,,,,,,,,,,,,,,,,,,,,,,,https://cdn.shopify.com/s/files/1/1564/5749/products/img5_a246f436-af93-4ccc-ad70-61f2c865d54f.jpg?v=1477638954,,,,,,,,,,,,,,,,,,,,
bunny-wunny-indygo-7,,,,,,,,,,,,,,,,,,,,,,,,https://cdn.shopify.com/s/files/1/1564/5749/products/img3_9fb71fb1-bd46-4a65-9a7c-ba3f1bace1e4.jpg?v=1477638954,,,,,,,,,,,,,,,,,,,,
bunny-wunny-indygo-8,Bunny wunny - Indygo,"<span>Pellentesque habitant morbi tristique senectus et netus et malesuada fames ac turpis egestas. Vestibulum tortor quam, feugiat vitae, ultricies eget, tempor sit amet, ante. Donec eu libero sit amet quam egestas semper. Aenean ultricies mi vitae est. Mauris placerat eleifend leo...</span>",Fashion,"","400$-500$, blue, Hot, S",true,Title,Default Title,,,,,"",0,,1,deny,manual,35.00,65.00,true,true,"",https://cdn.shopify.com/s/files/1/1564/5749/products/img9.jpg?v=1477639095,,false,,,,,,,,,,,,,,,,,kg,
bunny-wunny-indygo-8,,,,,,,,,,,,,,,,,,,,,,,,https://cdn.shopify.com/s/files/1/1564/5749/products/img10.jpg?v=1477639095,,,,,,,,,,,,,,,,,,,,
bunny-wunny-indygo-8,,,,,,,,,,,,,,,,,,,,,,,,https://cdn.shopify.com/s/files/1/1564/5749/products/img11.jpg?v=1477639095,,,,,,,,,,,,,,,,,,,,
bunny-wunny-indygo-8,,,,,,,,,,,,,,,,,,,,,,,,https://cdn.shopify.com/s/files/1/1564/5749/products/img12.jpg?v=1477639095,,,,,,,,,,,,,,,,,,,,
bunny-wunny-indygo-8,,,,,,,,,,,,,,,,,,,,,,,,https://cdn.shopify.com/s/files/1/1564/5749/products/img8_bcc38d73-4e39-4da9-9e86-60e68d425bc9.jpg?v=1477639095,,,,,,,,,,,,,,,,,,,,
bunny-wunny-indygo-9,Bunny wunny - Indygo,"<span>Pellentesque habitant morbi tristique senectus et netus et malesuada fames ac turpis egestas. Vestibulum tortor quam, feugiat vitae, ultricies eget, tempor sit amet, ante. Donec eu libero sit amet quam egestas semper. Aenean ultricies mi vitae est. Mauris placerat eleifend leo...</span>",Louis Vuitton,"","400$-500$, L, pick",true,Title,Default Title,,,,,"",0,,1,deny,manual,35.00,65.00,true,true,"",https://cdn.shopify.com/s/files/1/1564/5749/products/img10_d636bada-9f46-4464-9423-fb3954de4206.jpg?v=1477639343,,false,,,,,,,,,,,,,,,,,kg,
bunny-wunny-indygo-9,,,,,,,,,,,,,,,,,,,,,,,,https://cdn.shopify.com/s/files/1/1564/5749/products/img9_126eae8c-666a-4dc0-aec4-fe6527525f9b.jpg?v=1477639343,,,,,,,,,,,,,,,,,,,,
bunny-wunny-indygo-9,,,,,,,,,,,,,,,,,,,,,,,,https://cdn.shopify.com/s/files/1/1564/5749/products/img11_d0cc3dec-c0a3-4947-96b5-625b2048d763.jpg?v=1477639343,,,,,,,,,,,,,,,,,,,,
bunny-wunny-indygo-9,,,,,,,,,,,,,,,,,,,,,,,,https://cdn.shopify.com/s/files/1/1564/5749/products/img12_edb7f07f-635a-409f-9802-327624c8b759.jpg?v=1477639343,,,,,,,,,,,,,,,,,,,,
bunny-wunny-indygo-9,,,,,,,,,,,,,,,,,,,,,,,,https://cdn.shopify.com/s/files/1/1564/5749/products/img8_530fd929-34bf-491e-acce-9629b94f712e.jpg?v=1477639343,,,,,,,,,,,,,,,,,,,,
