[{"name":"theme_info","logo":"https:\/\/thumb-tf.s3.envato.com\/files\/191506757\/Thumbnail.png","settings":[{"type":"header","content":"Boutique"},{"type":"paragraph","content":"v1.0.5"},{"type":"paragraph","content":"See the theme [Landing page and document](http:\/\/landing.engotheme.com\/shopify\/boutique) for more information about this wonderful theme."},{"type":"paragraph","content":"If you love this theme, please [Rate 5 stars](http:\/\/themeforest.net\/item\/boutique-creative-multipurpose-shopify-theme\/reviews\/16363375), which will be a great motivation for us to continue create great themes in the future. [How to rate?](http:\/\/landing.engotheme.com\/library\/how-to-rate.png)"}]},{"name":"Colors","settings":[{"type":"paragraph","content":"Use class=\"color\" on a an input tag to bring up the color picker. Only a few colors have been included here as an example."},{"type":"header","content":"General colors"},{"type":"color","id":"color_default","label":"Default","default":"#f69b0d","info":"Used for text links hover, and hover buttons"},{"type":"color","id":"color_primary","label":"Primary","default":"#333","info":"Used for text links, and primary buttons"},{"type":"color","id":"color_borders","label":"Borders","default":"#e5e5e5"},{"type":"color","id":"color_link","label":"Links","default":"#666666"},{"type":"header","content":"Body"},{"type":"color","id":"color_body_bg","label":"Background","default":"#ffffff"},{"type":"color","id":"color_heading_text","label":"Text Title","default":"#000000"},{"type":"color","id":"color_body_text","label":"Text","default":"#333333"},{"type":"header","content":"Menu"},{"type":"color","id":"color_nav_text","label":"Text Nav","default":"#fff"},{"type":"color","id":"color_sub_nav_bg","label":"Background Sub Nav","default":"#000"},{"type":"color","id":"color_sub_nav_text","label":"Text Sub Nav","default":"#fff"},{"type":"header","content":"Footer"},{"type":"color","id":"color_footer_title_text","label":"Title color","default":"#000"},{"type":"color","id":"color_footer_text","label":"Text","default":"#636363"},{"type":"color","id":"color_footer_social_link","label":"Social media icons","default":"#888"}]},{"name":"Fonts","settings":[{"type":"select","id":"body_font","options":[{"value":"BellGothicStdBlack","label":"BellGothicStdBlack"},{"value":"BellGothicStdBold","label":"BellGothicStdBold"},{"value":"BellGothicStdLight","label":"BellGothicStdLight"},{"value":"KingCoolKC","label":"KingCoolKC"},{"value":"MouseMemoirsRegular","label":"MouseMemoirsRegular"}],"label":"Body Font Family","default":"MouseMemoirsRegular"},{"type":"select","id":"heading_font","options":[{"value":"BellGothicStdBlack","label":"BellGothicStdBlack"},{"value":"BellGothicStdBold","label":"BellGothicStdBold"},{"value":"BellGothicStdLight","label":"BellGothicStdLight"},{"value":"KingCoolKC","label":"KingCoolKC"},{"value":"MouseMemoirsRegular","label":"MouseMemoirsRegular"}],"label":"Heading Font Family","default":"MouseMemoirsRegular"},{"type":"select","id":"menu_font","options":[{"value":"BellGothicStdBlack","label":"BellGothicStdBlack"},{"value":"BellGothicStdBold","label":"BellGothicStdBold"},{"value":"BellGothicStdLight","label":"BellGothicStdLight"},{"value":"KingCoolKC","label":"KingCoolKC"},{"value":"MouseMemoirsRegular","label":"MouseMemoirsRegular"}],"label":"Menu Font Family","default":"MouseMemoirsRegular"},{"type":"select","id":"product_font","options":[{"value":"BellGothicStdBlack","label":"BellGothicStdBlack"},{"value":"BellGothicStdBold","label":"BellGothicStdBold"},{"value":"BellGothicStdLight","label":"BellGothicStdLight"},{"value":"KingCoolKC","label":"KingCoolKC"},{"value":"MouseMemoirsRegular","label":"MouseMemoirsRegular"}],"label":"Product Name Font Family","default":"BellGothicStdBold"},{"type":"select","id":"font_title","options":[{"value":"BellGothicStdBlack","label":"BellGothicStdBlack"},{"value":"BellGothicStdBold","label":"BellGothicStdBold"},{"value":"BellGothicStdLight","label":"BellGothicStdLight"},{"value":"KingCoolKC","label":"KingCoolKC"},{"value":"MouseMemoirsRegular","label":"MouseMemoirsRegular"}],"label":"Title Font Family","default":"MouseMemoirsRegular"},{"type":"select","id":"button_font","options":[{"value":"BellGothicStdBlack","label":"BellGothicStdBlack"},{"value":"BellGothicStdBold","label":"BellGothicStdBold"},{"value":"BellGothicStdLight","label":"BellGothicStdLight"},{"value":"KingCoolKC","label":"KingCoolKC"},{"value":"MouseMemoirsRegular","label":"MouseMemoirsRegular"}],"label":"Button Font Family","default":"KingCoolKC"}]},{"name":"Social Link","settings":[{"type":"header","content":"Social"},{"type":"checkbox","id":"enable_social_header_1","label":"Enable Social 1","default":true},{"type":"image","id":"header_social_1.png","label":"Image 1"},{"type":"text","id":"header_social_link_1","label":"Link Social 1","default":"#"},{"type":"checkbox","id":"enable_social_header_2","label":"Enable Social 2","default":true},{"type":"image","id":"header_social_2.png","label":"Image 2"},{"type":"text","id":"header_social_link_2","label":"Link Social 2","default":"#"},{"type":"checkbox","id":"enable_social_header_3","label":"Enable Social 3","default":true},{"type":"image","id":"header_social_3.png","label":"Image 3"},{"type":"text","id":"header_social_link_3","label":"Link Social 3","default":"#"},{"type":"checkbox","id":"enable_social_header_4","label":"Enable Social 4","default":true},{"type":"image","id":"header_social_4.png","label":"Image 4"},{"type":"text","id":"header_social_link_4","label":"Link Social 4","default":"#"},{"type":"checkbox","id":"enable_social_header_5","label":"Enable Social 5","default":true},{"type":"image","id":"header_social_5.png","label":"Image 5"},{"type":"text","id":"header_social_link_5","label":"Link Social 5","default":"#"},{"type":"checkbox","id":"enable_social_header_6","label":"Enable Social 6","default":true},{"type":"image","id":"header_social_6.png","label":"Image 6"},{"type":"text","id":"header_social_link_6","label":"Link Social 6","default":"#"}]},{"name":"Header","settings":[{"type":"header","content":"Logo"},{"type":"checkbox","id":"logo_use_image","label":"Use custom logo"},{"type":"image","id":"logo.png","label":"Custom logo","max-width":450,"max-height":200,"info":"Maximum logo dimensions are 450px wide by 200px high. The uploaded file will be resized to fit within those constraints."},{"type":"text","id":"logo_max_width","label":"Max logo width","default":"450","info":"Defined in pixels. Do not add the 'px' unit."},{"type":"text","id":"custom_phone_header","label":"Phone","default":"070-7782-9137"},{"type":"text","id":"categories_title","label":"Categories title","default":"all categories"},{"type":"link_list","id":"categories_menu","label":"Select Menu Categories "},{"type":"header","content":"Favicon"},{"type":"checkbox","id":"favicon_enable","label":"Use custom icon"},{"type":"image","id":"favicon.png","label":"16 x 16px png","max-width":16,"max-height":16},{"type":"header","content":"Nav Menu"},{"type":"link_list","id":"select_nav_menu","label":"Select Menu Nav"},{"type":"header","content":"Logo Default"},{"type":"checkbox","id":"logo_use_default","label":"Use custom logo"},{"type":"image","id":"logo_default.png","label":"Custom logo","max-width":450,"max-height":200,"info":"Maximum logo dimensions are 450px wide by 200px high. The uploaded file will be resized to fit within those constraints."},{"type":"header","content":"Nav Menu Default"},{"type":"link_list","id":"select_nav_menu_default","label":"Select Menu Default"},{"type":"header","content":"Language"},{"type":"checkbox","id":"enable_language_1","label":"Use custom icon language 1"},{"type":"image","id":"icon_language_1.jpg","label":"Language image 1"},{"type":"text","id":"link_language_1","label":"Url"},{"type":"checkbox","id":"enable_language_2","label":"Use custom icon language 2"},{"type":"image","id":"icon_language_2.jpg","label":"Language image 2"},{"type":"text","id":"link_language_2","label":"Url"},{"type":"checkbox","id":"enable_language_3","label":"Use custom icon language 3"},{"type":"image","id":"icon_language_3.jpg","label":"Language image 3"},{"type":"text","id":"link_language_3","label":"Url"},{"type":"checkbox","id":"enable_language_4","label":"Use custom icon language 4"},{"type":"image","id":"icon_language_4.jpg","label":"Language image 4"},{"type":"text","id":"link_language_4","label":"Url"},{"type":"checkbox","id":"enable_language_5","label":"Use custom icon language 5"},{"type":"image","id":"icon_language_5.jpg","label":"Language image 5"},{"type":"text","id":"link_language_5","label":"Url"},{"type":"text","id":"name_language","label":"Language Default Name","default":"English"},{"type":"link_list","id":"language_menu_pages","label":"Select Menu Language"},{"type":"header","content":"Currency"},{"type":"checkbox","id":"currency_enable","label":"Enable Currency"},{"type":"text","id":"supported_currencies","label":"Currencies you wish to support","default":"USD EUR GBP"}]},{"name":"Footer","settings":[{"type":"header","content":"Colum 1"},{"type":"text","id":"footer_about_title","label":"Title About","default":"About Us"},{"type":"image","id":"footer_ad.png","label":"Icon Address"},{"type":"text","id":"footer_ad_text","label":"Address"},{"type":"image","id":"footer_phone.png","label":"Icon Phone"},{"type":"text","id":"footer_phone_text","label":"Phone"},{"type":"image","id":"footer_mail.png","label":"Icon Phone"},{"type":"text","id":"footer_mail_text","label":"Email"},{"type":"header","content":"Social"},{"type":"text","id":"footer_social_title","label":"Title","default":"Stay Connect"},{"type":"checkbox","id":"enable_social_1","label":"Enable Social 1","default":true},{"type":"image","id":"footer_social_1.png","label":"Image 1"},{"type":"text","id":"footer_social_link_1","label":"Link Social 1","default":"#"},{"type":"checkbox","id":"enable_social_2","label":"Enable Social 2","default":true},{"type":"image","id":"footer_social_2.png","label":"Image 2"},{"type":"text","id":"footer_social_link_2","label":"Link Social 2","default":"#"},{"type":"checkbox","id":"enable_social_3","label":"Enable Social 3","default":true},{"type":"image","id":"footer_social_3.png","label":"Image 3"},{"type":"text","id":"footer_social_link_3","label":"Link Social 3","default":"#"},{"type":"checkbox","id":"enable_social_4","label":"Enable Social 4","default":true},{"type":"image","id":"footer_social_4.png","label":"Image 4"},{"type":"text","id":"footer_social_link_4","label":"Link Social 4","default":"#"},{"type":"checkbox","id":"enable_social_5","label":"Enable Social 5","default":true},{"type":"image","id":"footer_social_5.png","label":"Image 5"},{"type":"text","id":"footer_social_link_5","label":"Link Social 5","default":"#"},{"type":"checkbox","id":"enable_social_6","label":"Enable Social 6","default":true},{"type":"image","id":"footer_social_6.png","label":"Image 6"},{"type":"text","id":"footer_social_link_6","label":"Link Social 6","default":"#"},{"type":"header","content":"Instagram"},{"type":"text","id":"footer_instagram_title","label":"Title","default":"Instagram"},{"type":"text","id":"footer_instagram_id","label":"ID","default":"3495413257"},{"type":"text","id":"footer_instagram_token","label":"Token","default":"3495413257.1677ed0.8279e8e5b6f44734a298d429bb680518"},{"type":"header","content":"Newsletter"},{"type":"text","id":"footer_newsletter_title","label":"Title","default":"News lester"},{"type":"text","id":"footer_newslester_sub_title","label":"Sub Title","default":"Sung up for our"},{"type":"text","id":"newsletter_form_action_footer","label":"MailChimp Form Action URL","default":"\/\/myshopify.us12.list-manage.com\/subscribe\/post?u=9ade7b39da179308b891bd263&amp;id=e9dbec7f92","info":"[Where do I find my MailChimp form action URL?](http:\/\/docs.shopify.com\/support\/configuration\/store-customization\/where-do-i-get-my-mailchimp-form-action)"},{"type":"header","content":"Menu Footer"},{"type":"text","id":"footer_menu_title_1","label":"Titel Menu 1","default":"About Us"},{"type":"link_list","id":"footer_menu_1","label":"Menu 1"},{"type":"text","id":"footer_menu_title_2","label":"Titel Menu 2","default":"Our Infomation"},{"type":"link_list","id":"footer_menu_2","label":"Menu 2"},{"type":"text","id":"footer_menu_title_3","label":"Titel Menu 3","default":"My Account"},{"type":"link_list","id":"footer_menu_3","label":"Menu 3"},{"type":"header","content":"Copyright"},{"type":"text","id":"footer_copyright_content","label":"Copyright"},{"type":"image","id":"footer_payment.png","label":"Payment"}]},{"name":"Sidebar","settings":[{"type":"header","content":"Categories"},{"type":"checkbox","id":"categories_enable_menu","label":"Enable Categories"},{"type":"text","id":"categories_title_sidebar","label":"Title","default":"Categories"},{"type":"link_list","id":"categories_menu_sidebar","label":"Menu Categories"},{"type":"header","content":"Widget product"},{"type":"checkbox","id":"widget_enable_1","label":"Enable Widget 1"},{"type":"text","id":"widget_title_1","label":"Title"},{"type":"collection","id":"widget_collection_1","label":"Products Collection"},{"type":"checkbox","id":"widget_enable_2","label":"Enable Widget 2"},{"type":"text","id":"widget_title_2","label":"Title"},{"type":"collection","id":"widget_collection_2","label":"Products Collection"}]},{"name":"Sidebar Filters","settings":[{"type":"checkbox","id":"filter_enable","label":"Enable Filters","default":true},{"type":"header","content":"Color"},{"type":"checkbox","id":"enable_shop_by_tags_1","label":"Enable","default":true},{"type":"text","id":"shop_by_tags_1_title","label":"Shop by tags 1 title","info":"i.e \"Color\"."},{"type":"text","id":"shop_by_color_text_1","label":"Shop by color text 1","default":"Red","info":"i.e \"red\"."},{"type":"color","id":"shop_by_color_1","label":"Shop by color 1","default":"#f50000"},{"type":"text","id":"shop_by_color_text_2","label":"Shop by color text 2","default":"blue"},{"type":"color","id":"shop_by_color_2","label":"Shop by color  2","default":"#005ff5"},{"type":"text","id":"shop_by_color_text_3","label":"Shop by color text 3","default":"white"},{"type":"color","id":"shop_by_color_3","label":"Shop by color  3","default":"#fff"},{"type":"text","id":"shop_by_color_text_4","label":"Shop by color text 4","default":"pink"},{"type":"color","id":"shop_by_color_4","label":"Shop by color 4","default":"#ff019e"},{"type":"text","id":"shop_by_color_text_5","label":"Shop by color text 5","default":"pink"},{"type":"color","id":"shop_by_color_5","label":"Shop by color 5","default":"#ff019e"},{"type":"text","id":"shop_by_color_text_6","label":"Shop by color text 6","default":"pink"},{"type":"color","id":"shop_by_color_6","label":"Shop by color 6","default":"#ff019e"},{"type":"text","id":"shop_by_color_text_7","label":"Shop by color text 7","default":"pink"},{"type":"color","id":"shop_by_color_7","label":"Shop by color 7","default":"#ff019e"},{"type":"text","id":"shop_by_color_text_8","label":"Shop by color text 8","default":"pink"},{"type":"color","id":"shop_by_color_8","label":"Shop by color 8","default":"#ff019e"},{"type":"text","id":"shop_by_color_text_9","label":"Shop by color text 9","default":"pink"},{"type":"color","id":"shop_by_color_9","label":"Shop by color 9","default":"#ff019e"},{"type":"text","id":"shop_by_color_text_10","label":"Shop by color text 10","default":"pink"},{"type":"color","id":"shop_by_color_10","label":"Shop by color 10","default":"#ff019e"},{"type":"header","content":"Price"},{"type":"checkbox","id":"enable_shop_by_tags_2","label":"Enable","default":true},{"type":"text","id":"shop_by_tags_2_title","label":"Shop by tags 2 title","info":"i.e \"Price\"."},{"type":"textarea","id":"shop_by_tags_2_list_tags","label":"Shop by tags 2 list"},{"type":"header","content":"Product Size"},{"type":"checkbox","id":"enable_shop_by_tags_3","label":"Enable","default":true},{"type":"text","id":"shop_by_tags_3_title","label":"Shop by tags 3 title","info":"i.e \"Product Type\"."},{"type":"textarea","id":"shop_by_tags_3_list_tags","label":"Shop by tags 3 list","info":"Separate by a comma, i.e \"M, L ,XL ..\"."},{"type":"header","content":"Filter by Brand"},{"type":"checkbox","id":"brands_enable","label":"Enable Brands filter"}]},{"name":"MegaMenu","settings":[{"type":"header","content":"Mega Menu 1"},{"type":"text","id":"megamenu_1_parent","label":"Parent name of dropdow menu"},{"type":"header","content":"Column 1"},{"type":"text","id":"megamenu_1_column_1_title","label":"Title"},{"type":"link_list","id":"megamenu_1_column_1_menu","label":"Menu column 1"},{"type":"header","content":"Column 1_2"},{"type":"text","id":"megamenu_1_column_1_sub_title","label":"Title"},{"type":"link_list","id":"megamenu_1_column_1_sub_menu","label":"Menu column 1_2"},{"type":"header","content":"Column 2"},{"type":"text","id":"megamenu_1_column_2_title","label":"Title"},{"type":"link_list","id":"megamenu_1_column_2_menu","label":"Menu column 2"},{"type":"header","content":"Column 2_2"},{"type":"text","id":"megamenu_1_column_2_sub_title","label":"Title"},{"type":"link_list","id":"megamenu_1_column_2_sub_menu","label":"Menu column 2_2"},{"type":"header","content":"Column 3"},{"type":"text","id":"megamenu_1_column_3_title","label":"Title"},{"type":"link_list","id":"megamenu_1_column_3_menu","label":"Menu column 3"},{"type":"header","content":"Column 3_2"},{"type":"text","id":"megamenu_1_column_3_sub_title","label":"Title"},{"type":"link_list","id":"megamenu_1_column_3_sub_menu","label":"Menu column 3_2"},{"type":"header","content":"Column 4"},{"type":"image","id":"megamenu_1_image_1.jpg","label":"Image 1"},{"type":"header","content":"Mega Menu 2"},{"type":"text","id":"megamenu_2_parent","label":"Parent name of dropdow menu"},{"type":"header","content":"Column 1"},{"type":"text","id":"megamenu_2_column_1_title","label":"Title"},{"type":"link_list","id":"megamenu_2_column_1_menu","label":"Menu column 1"},{"type":"header","content":"Column 2"},{"type":"text","id":"megamenu_2_column_2_title","label":"Title"},{"type":"link_list","id":"megamenu_2_column_2_menu","label":"Menu column 2"},{"type":"header","content":"Column 3"},{"type":"text","id":"megamenu_2_column_3_title","label":"Title"},{"type":"link_list","id":"megamenu_2_column_3_menu","label":"Menu column 3"},{"type":"header","content":"Column 4"},{"type":"text","id":"megamenu_2_column_4_title","label":"Title"},{"type":"link_list","id":"megamenu_2_column_4_menu","label":"Menu column 4"},{"type":"header","content":"Mega Menu 3"},{"type":"text","id":"megamenu_3_parent","label":"Parent name of dropdow menu"},{"type":"header","content":"Column 1"},{"type":"text","id":"megamenu_3_column_1_title","label":"Title"},{"type":"link_list","id":"megamenu_3_column_1_menu","label":"Menu column 1"},{"type":"header","content":"Column 2"},{"type":"text","id":"megamenu_3_column_2_title","label":"Title"},{"type":"link_list","id":"megamenu_3_column_2_menu","label":"Menu column 2"},{"type":"header","content":"Column 3"},{"type":"text","id":"megamenu_3_column_3_title","label":"Title"},{"type":"link_list","id":"megamenu_3_column_3_menu","label":"Menu column 3"},{"type":"header","content":"Column 4"},{"type":"text","id":"megamenu_3_column_4_title","label":"Title"},{"type":"link_list","id":"megamenu_3_column_4_menu","label":"Menu column 4"},{"type":"header","content":"Column 5"},{"type":"image","id":"megamenu_3_image_1.jpg","label":"Image 1"},{"type":"header","content":"Mega Menu 4"},{"type":"text","id":"megamenu_4_parent","label":"Parent name of dropdow menu"},{"type":"collection","id":"collection_mega_4","label":"Select collection"},{"type":"text","id":"section_product_mega_limit","label":"Limit Product","default":"6"}]},{"name":"Social media","settings":[{"type":"text","id":"twittercard_handle","label":"Twitter handle","info":"Example: @shopify"},{"type":"header","content":"Social Share"},{"type":"checkbox","id":"enable_socials_share","label":"Enable Social","default":true},{"type":"checkbox","id":"enable_social_share_1","label":"Enable Social 1","default":true},{"type":"image","id":"social_share_1.png","label":"Image 1"},{"type":"checkbox","id":"enable_social_share_2","label":"Enable Social 2","default":true},{"type":"image","id":"social_share_2.png","label":"Image 2"},{"type":"checkbox","id":"enable_social_share_3","label":"Enable Social 3","default":true},{"type":"image","id":"social_share_3.png","label":"Image 3"}]},{"name":"Popup Newsletter","settings":[{"type":"header","content":"Newsletter"},{"type":"checkbox","id":"newsletter_enable","label":"Show newsletter field"},{"type":"text","id":"newsletter_form_action","label":"MailChimp form action URL","info":"[Where do I find my MailChimp form action URL?](http:\/\/docs.shopify.com\/support\/configuration\/store-customization\/where-do-i-get-my-mailchimp-form-action)"},{"type":"header","content":"Newsletter popup"},{"type":"image","id":"newsletter_popup_image.jpg","label":"Newsletter popup image","info":"Image size: 640x640 px"},{"type":"textarea","id":"newsletter_popup_content","label":"Newsletter popup content"}]},{"name":"Blog page","settings":[{"type":"text","id":"blog_title","label":"Blog Title","default":"Blog \/ News"},{"type":"text","id":"nb_blog_page","label":"Number blog in page:","default":"12"},{"type":"image","id":"header_blog_img.jpg","label":"Background header"},{"type":"header","content":"Article Page"},{"type":"select","id":"article_style","label":"Article style","options":[{"value":"style1","label":"Article Left Sidebar"},{"value":"style2","label":"Article Right Sidebar"}]},{"type":"header","content":"Siderbar Blog"},{"type":"header","content":"Category"},{"type":"checkbox","id":"_C_enable_category","label":"Enable category?"},{"type":"text","id":"text_title_category","label":"Title Category","default":"Category"},{"type":"header","content":"Populor"},{"type":"checkbox","id":"_C_enable_populor","label":"Enable populor?"},{"type":"text","id":"text_title_blog","label":"Populor Title","default":"Populor"},{"type":"header","content":"Blog tags"},{"type":"checkbox","id":"_C_enable_tags","label":"Enable Blog tags?"},{"type":"text","id":"text_title_tag","label":"Blog tag Title","default":"Blog Tags"}]},{"name":"Collection page","settings":[{"type":"text","id":"nb_per_page","label":"Number product in page:","default":"12"},{"type":"checkbox","id":"enable_img_collection","label":"Enable Collection","default":true},{"type":"image","id":"background_breadcrumb.jpg","label":"Heading background image"},{"type":"select","id":"collection_style","label":"Collection style","options":[{"value":"style1","label":"Shop - Left Sidebar"},{"value":"style2","label":"Shop - Right Sidebar"},{"value":"style3","label":"Shop - NoSidebar"},{"value":"style4","label":"Shop - Fullscreen"}]}]},{"name":"Product page","settings":[{"type":"text","id":"nb_thumbnail_visible","label":"Number thumbnail visible","default":"4","info":"ex:2,3,4,5,6"},{"type":"checkbox","id":"show_product_swatch","label":"Show product swatch","default":true},{"type":"text","id":"title_product_detail","label":"Title product","default":"Boy's Fashion"},{"type":"header","content":"Related Products"},{"type":"collection","id":"select_related_product","label":"Select Related Products "},{"type":"text","id":"related_col","label":"Grid item","default":"4","info":"ex:2,3,4,5,6"},{"type":"text","id":"related_limit","label":"Limit products","default":"12"},{"type":"checkbox","id":"show_size_chart_tab","label":"Show size chart tab","default":true},{"type":"text","id":"shipping_tab_title","label":"Shipping Title","default":"Shipping and Return"},{"type":"image","id":"size_chart_content.jpg","label":"Size Chart Image"}]},{"name":"Cart page","settings":[{"type":"checkbox","id":"cart_notes_enable","label":"Enable cart notes"},{"type":"checkbox","id":"cart_vendor_enable","label":"Show product vendor"},{"type":"select","id":"ajax_cart_method","label":"Cart type","options":[{"value":"drawer","label":"Drawer"},{"value":"page","label":"Page"}]}]},{"name":"Contact us","settings":[{"type":"header","content":"Google Map"},{"type":"checkbox","id":"contact_map","label":"Enable google map?"},{"type":"textarea","id":"contact_map_address","label":"Map address","info":"Ex: Queen St\/Collins St, Melbourne, Victoria, Australia"},{"type":"text","id":"gmap_key","label":"Google map api key","info":"[You can get an api key here](http:\/\/support.engotheme.com\/knowledge-base\/how-to-get-an-api-key-for-google-map\/)"},{"type":"header","content":"Services"},{"type":"checkbox","id":"enable_box_contact_1","label":"Enable Services"},{"type":"image","id":"contact_box_icon_1.jpg","label":"Icon Box 1"},{"type":"text","id":"contact_box_title_1","label":"Title Box 1"},{"type":"text","id":"contact_box_text_1","label":"Text Box 1"},{"type":"text","id":"contact_box_link_1","label":"Text link 1"},{"type":"checkbox","id":"enable_box_contact_2","label":"Enable Services"},{"type":"image","id":"contact_box_icon_2.jpg","label":"Icon Box 2"},{"type":"text","id":"contact_box_title_2","label":"Title Box 2"},{"type":"text","id":"contact_box_text_2","label":"Text Box 2"},{"type":"text","id":"contact_box_link_2","label":"Text link 2"},{"type":"checkbox","id":"enable_box_contact_3","label":"Enable Services"},{"type":"image","id":"contact_box_icon_3.jpg","label":"Icon Box 3"},{"type":"text","id":"contact_box_title_3","label":"Title Box 3"},{"type":"text","id":"contact_box_text_3","label":"Text Box 3"},{"type":"text","id":"contact_box_link_3","label":"Text link 3"},{"type":"header","content":"Form"},{"type":"text","id":"contact_form_title","label":"Form title"}]},{"name":"About Us","settings":[{"type":"image","id":"bg_heading.jpg","label":"Image heading"},{"type":"text","id":"text_title_heading","label":"Title heading"},{"type":"text","id":"text_sub_title","label":"Title title"},{"type":"textarea","id":"text_about_dis_1","label":"Text 1"},{"type":"textarea","id":"text_about_dis_2","label":"Text 2"},{"type":"header","content":"Social"},{"type":"checkbox","id":"enable_social_about_1","label":"Enable Social 1"},{"type":"image","id":"social_about_1.png","label":"Social 1"},{"type":"text","id":"social_about_url_1","label":"Url 1"},{"type":"checkbox","id":"enable_social_about_2","label":"Enable Social 2"},{"type":"image","id":"social_about_2.png","label":"Social 2"},{"type":"text","id":"social_about_url_2","label":"Url 2"},{"type":"checkbox","id":"enable_social_about_3","label":"Enable Social 3"},{"type":"image","id":"social_about_3.png","label":"Social 3"},{"type":"text","id":"social_about_url_3","label":"Url 3"},{"type":"checkbox","id":"enable_social_about_4","label":"Enable Social 4"},{"type":"image","id":"social_about_4.png","label":"Social 4"},{"type":"text","id":"social_about_url_4","label":"Url 4"},{"type":"checkbox","id":"enable_social_about_5","label":"Enable Social 5"},{"type":"image","id":"social_about_5.png","label":"Social 5"},{"type":"text","id":"social_about_url_5","label":"Url 5"},{"type":"header","content":"Section1 - Box"},{"type":"checkbox","id":"enable_box_aboutus","label":"Enable Section1 - Box"},{"type":"image","id":"img_icon_box_1.png","label":"Icon Box 1"},{"type":"text","id":"title_box_1","label":"Title Box 1","default":"Cups of Coffee"},{"type":"textarea","id":"description_box_1","label":"Description"},{"type":"image","id":"img_icon_box_2.png","label":"Icon Box 2"},{"type":"text","id":"title_box_2","label":"Title Box 2","default":"Happy Clients"},{"type":"textarea","id":"description_box_2","label":"Description"},{"type":"image","id":"img_icon_box_3.png","label":"Icon Box 3"},{"type":"text","id":"title_box_3","label":"Title Box 3","default":"Marketing Goals"},{"type":"textarea","id":"description_box_3","label":"Description"},{"type":"image","id":"img_icon_box_4.png","label":"Icon Box 4"},{"type":"text","id":"title_box_4","label":"Title Box 4","default":"Awesome Ideas"},{"type":"textarea","id":"description_box_4","label":"Description"},{"type":"header","content":"Section2 - About Us and OUR SKILL"},{"type":"checkbox","id":"enable_about_our","label":"Enable Section2 - About Our and OUR SKILL"},{"type":"text","id":"title_about_left","label":"Title About Us","default":"About Us"},{"type":"checkbox","id":"enable_about_title_1","label":"Enable col 1"},{"type":"text","id":"title_about_1","label":"Title 1"},{"type":"text","id":"des_about_1","label":"description 1"},{"type":"checkbox","id":"enable_about_title_2","label":"Enable col 2"},{"type":"text","id":"title_about_2","label":"Title 2"},{"type":"text","id":"des_about_2","label":"description 2"},{"type":"checkbox","id":"enable_about_title_3","label":"Enable col 3"},{"type":"text","id":"title_about_3","label":"Title 3"},{"type":"text","id":"des_about_3","label":"description 3"},{"type":"checkbox","id":"enable_about_title_4","label":"Enable col 4"},{"type":"text","id":"title_about_4","label":"Title 4"},{"type":"text","id":"des_about_4","label":"description 4"},{"type":"text","id":"title_our_skill","label":"Title Skill","default":"Our Skill"},{"type":"text","id":"skills_item_text_1","label":"Text Skills 1","default":"Adobe Photoshop"},{"type":"text","id":"perc_item_skills_1","label":"Perc Skills 1","default":"90%"},{"type":"text","id":"progress_bar_skills_1","label":"Progress Bar Skills","default":"90"},{"type":"text","id":"skills_item_text_2","label":"Text Skills 2","default":"Wordpress theme"},{"type":"text","id":"perc_item_skills_2","label":"Perc Skills 2","default":"70%"},{"type":"text","id":"progress_bar_skills_2","label":"Progress Bar Skills","default":"70"},{"type":"text","id":"skills_item_text_3","label":"Text Skills 3","default":"Photography"},{"type":"text","id":"perc_item_skills_3","label":"Perc Skills 3","default":"95%"},{"type":"text","id":"progress_bar_skills_3","label":"Progress Bar Skills","default":"95"},{"type":"text","id":"skills_item_text_4","label":"Text Skills 4","default":"Javascript"},{"type":"text","id":"perc_item_skills_4","label":"Perc Skills 4","default":"80%"},{"type":"text","id":"progress_bar_skills_4","label":"Progress Bar Skills","default":"80"},{"type":"header","content":"Section3 - Our Team"},{"type":"checkbox","id":"enable_our_team","label":"Enable Section2 - Our Team"},{"type":"text","id":"title_our_team","label":"Title Our Team","default":"MEET OUR TEAM MEMBERS"},{"type":"image","id":"avatar_staff_1.jpg","label":"Avatar"},{"type":"text","id":"text_names_staff_1","label":"Names"},{"type":"text","id":"text_job_staff_1","label":"Job"},{"type":"textarea","id":"about_col_1_social","label":"Social"},{"type":"image","id":"avatar_staff_2.jpg","label":"Avatar"},{"type":"text","id":"text_names_staff_2","label":"Names"},{"type":"text","id":"text_job_staff_2","label":"Job"},{"type":"textarea","id":"about_col_2_social","label":"Social"},{"type":"image","id":"avatar_staff_3.jpg","label":"Avatar"},{"type":"text","id":"text_names_staff_3","label":"Names"},{"type":"text","id":"text_job_staff_3","label":"Job"},{"type":"textarea","id":"about_col_3_social","label":"Social"},{"type":"image","id":"avatar_staff_4.jpg","label":"Avatar"},{"type":"text","id":"text_names_staff_4","label":"Names"},{"type":"text","id":"text_job_staff_4","label":"Job"},{"type":"textarea","id":"about_col_4_social","label":"Social"},{"type":"image","id":"avatar_staff_5.jpg","label":"Avatar"},{"type":"text","id":"text_names_staff_5","label":"Names"},{"type":"text","id":"text_job_staff_5","label":"Job"},{"type":"textarea","id":"about_col_5_social","label":"Social"},{"type":"image","id":"avatar_staff_6.jpg","label":"Avatar"},{"type":"text","id":"text_names_staff_6","label":"Names"},{"type":"text","id":"text_job_staff_6","label":"Job"},{"type":"textarea","id":"about_col_6_social","label":"Social"},{"type":"image","id":"avatar_staff_7.jpg","label":"Avatar"},{"type":"text","id":"text_names_staff_7","label":"Names"},{"type":"text","id":"text_job_staff_7","label":"Job"},{"type":"textarea","id":"about_col_7_social","label":"Social"},{"type":"image","id":"avatar_staff_8.jpg","label":"Avatar"},{"type":"text","id":"text_names_staff_8","label":"Names"},{"type":"text","id":"text_job_staff_8","label":"Job"},{"type":"textarea","id":"about_col_8_social","label":"Social"}]},{"name":"FAQS Pages","settings":[{"type":"text","id":"faqs_title_heading","label":"Title heading"},{"type":"checkbox","id":"enable_faq_1","label":"Enable Faq 1"},{"type":"text","id":"faqs_name_left_1","label":"FAQ 1"},{"type":"text","id":"faqs_title_1","label":"Title 1"},{"type":"textarea","id":"faqs_des_1","label":"Description 1"},{"type":"checkbox","id":"enable_faq_2","label":"Enable Faq 2"},{"type":"text","id":"faqs_name_left_2","label":"FAQ 2"},{"type":"text","id":"faqs_title_2","label":"Title 2"},{"type":"textarea","id":"faqs_des_2","label":"Description 2"},{"type":"checkbox","id":"enable_faq_3","label":"Enable Faq 3"},{"type":"text","id":"faqs_name_left_3","label":"FAQ 3"},{"type":"text","id":"faqs_title_3","label":"Title 3"},{"type":"textarea","id":"faqs_des_3","label":"Description 3"},{"type":"checkbox","id":"enable_faq_4","label":"Enable Faq 4"},{"type":"text","id":"faqs_name_left_4","label":"FAQ 4"},{"type":"text","id":"faqs_title_4","label":"Title 4"},{"type":"textarea","id":"faqs_des_4","label":"Description 4"},{"type":"checkbox","id":"enable_faq_5","label":"Enable Faq 5"},{"type":"text","id":"faqs_name_left_5","label":"FAQ 5"},{"type":"text","id":"faqs_title_5","label":"Title 5"},{"type":"textarea","id":"faqs_des_5","label":"Description 5"},{"type":"checkbox","id":"enable_faq_6","label":"Enable Faq 6"},{"type":"text","id":"faqs_name_left_6","label":"FAQ 6"},{"type":"text","id":"faqs_title_6","label":"Title 6"},{"type":"textarea","id":"faqs_des_6","label":"Description 6"},{"type":"checkbox","id":"enable_faq_7","label":"Enable Faq 7"},{"type":"text","id":"faqs_name_left_7","label":"FAQ 7"},{"type":"text","id":"faqs_title_7","label":"Title 7"},{"type":"textarea","id":"faqs_des_7","label":"Description 7"},{"type":"checkbox","id":"enable_faq_8","label":"Enable Faq 8"},{"type":"text","id":"faqs_name_left_8","label":"FAQ 8"},{"type":"text","id":"faqs_title_8","label":"Title 8"},{"type":"textarea","id":"faqs_des_8","label":"Description 8"},{"type":"checkbox","id":"enable_faq_9","label":"Enable Faq 9"},{"type":"text","id":"faqs_name_left_9","label":"FAQ 9"},{"type":"text","id":"faqs_title_9","label":"Title 9"},{"type":"textarea","id":"faqs_des_9","label":"Description 9"},{"type":"checkbox","id":"enable_faq_10","label":"Enable Faq 10"},{"type":"text","id":"faqs_name_left_10","label":"FAQ 10"},{"type":"text","id":"faqs_title_10","label":"Title 10"},{"type":"textarea","id":"faqs_des_10","label":"Description 10"}]},{"name":"Label product","settings":[{"type":"image","id":"sale.png","label":"Label image sale"},{"type":"image","id":"new.png","label":"Label image new"},{"type":"image","id":"hot.png","label":"Label image hot"}]}]