{"current":{"color_default":"#e4022d","color_primary":"#333333","color_borders":"#facf09","color_link":"#333333","color_body_bg":"#ffffff","color_heading_text":"#384551","color_body_text":"#62788d","color_nav_text":"#ffffff","color_sub_nav_bg":"#ffffff","color_sub_nav_text":"#384551","color_footer_title_text":"#ffffff","color_footer_text":"#ffffff","color_footer_social_link":"#888888","body_font":"MouseMemoirsRegular","heading_font":"MouseMemoirsRegular","menu_font":"MouseMemoirsRegular","product_font":"BellGothicStdBold","font_title":"MouseMemoirsRegular","button_font":"KingCoolKC","enable_social_header_1":true,"header_social_link_1":"#","enable_social_header_2":true,"header_social_link_2":"#","enable_social_header_3":true,"header_social_link_3":"#","enable_social_header_4":true,"header_social_link_4":"#","enable_social_header_5":true,"header_social_link_5":"#","enable_social_header_6":false,"header_social_link_6":"#","logo_use_image":true,"logo_max_width":"450","custom_phone_header":"070-7782-9137","categories_title":"all categories","categories_menu":"accessories","favicon_enable":true,"select_nav_menu":"main-menu","logo_use_default":true,"select_nav_menu_default":"nav-menu-2","enable_language_1":true,"link_language_1":"https:\/\/happychild-demo.myshopify.com\/","enable_language_2":true,"link_language_2":"#","enable_language_3":true,"link_language_3":"#","enable_language_4":true,"link_language_4":"#","enable_language_5":false,"link_language_5":"","name_language":"English","language_menu_pages":"languaes","currency_enable":true,"supported_currencies":"USD EUR GBP JPY","footer_about_title":"About Us","footer_ad_text":"121 King Street, Melbourne, Victoria 3000 Australia","footer_phone_text":"070-7782-9137","footer_mail_text":"contact@happykids.com","footer_social_title":"Stay Connect!","enable_social_1":true,"footer_social_link_1":"#","enable_social_2":true,"footer_social_link_2":"#","enable_social_3":true,"footer_social_link_3":"#","enable_social_4":true,"footer_social_link_4":"#","enable_social_5":true,"footer_social_link_5":"#","enable_social_6":false,"footer_social_link_6":"#","footer_instagram_title":"Our Instagram","footer_instagram_id":"3495413257","footer_instagram_token":"3495413257.1677ed0.8279e8e5b6f44734a298d429bb680518","footer_newsletter_title":"GET 15% OFF YOUR FIRST ORDER","footer_newslester_sub_title":"Coupons, Recipes and new products... Oh MY! Sign UP!","newsletter_form_action_footer":"\/\/myshopify.us12.list-manage.com\/subscribe\/post?u=9ade7b39da179308b891bd263&amp;id=e9dbec7f92","footer_menu_title_1":"About Us","footer_menu_1":"about-us","footer_menu_title_2":"Our Infomation","footer_menu_2":"infomation","footer_menu_title_3":"My Account","footer_menu_3":"my-account","footer_copyright_content":"2016 <a href=\"http:\/\/engotheme.com\" title=\"EngoTheme\">EngoTheme<\/a>. All Rights Reserved","categories_enable_menu":true,"categories_title_sidebar":"All CATEGORY","categories_menu_sidebar":"categories","widget_enable_1":true,"widget_title_1":"New Products","widget_collection_1":"frontpage","widget_enable_2":false,"widget_title_2":"Bestseller","widget_collection_2":"frontpage","filter_enable":true,"enable_shop_by_tags_1":true,"shop_by_tags_1_title":"Color","shop_by_color_text_1":"orange","shop_by_color_1":"#ffa200","shop_by_color_text_2":"green","shop_by_color_2":"#0cca4b","shop_by_color_text_3":"blue","shop_by_color_3":"#1bcbf3","shop_by_color_text_4":"dark","shop_by_color_4":"#000000","shop_by_color_text_5":"gray","shop_by_color_5":"#898989","shop_by_color_text_6":"white","shop_by_color_6":"#ffffff","shop_by_color_text_7":"red","shop_by_color_7":"#ff0801","shop_by_color_text_8":"pick","shop_by_color_8":"#ff019e","shop_by_color_text_9":"oflow","shop_by_color_9":"#fff601","shop_by_color_text_10":"","shop_by_color_10":"#ff019e","enable_shop_by_tags_2":true,"shop_by_tags_2_title":"FILTER BY PRICE","shop_by_tags_2_list_tags":"0$-100$,100$-200$, 200$-300$,  300$-400$, 400$-500$,500$-600$,600$-800$","enable_shop_by_tags_3":true,"shop_by_tags_3_title":"Size","shop_by_tags_3_list_tags":"S,M,L,XL","brands_enable":true,"megamenu_1_parent":"news","megamenu_1_column_1_title":"New arrivals","megamenu_1_column_1_menu":"arrivals","megamenu_1_column_1_sub_title":"Hot Sale","megamenu_1_column_1_sub_menu":"sale","megamenu_1_column_2_title":"Clothing","megamenu_1_column_2_menu":"clothing","megamenu_1_column_2_sub_title":"Lookbook","megamenu_1_column_2_sub_menu":"lookbook","megamenu_1_column_3_title":"Shoes & Bags","megamenu_1_column_3_menu":"shoes-bags","megamenu_1_column_3_sub_title":"Accessories","megamenu_1_column_3_sub_menu":"accessories","megamenu_2_parent":"pages","megamenu_2_column_1_title":"Home pages","megamenu_2_column_1_menu":"home-pages","megamenu_2_column_2_title":"Shop examples","megamenu_2_column_2_menu":"examples","megamenu_2_column_3_title":"Pages","megamenu_2_column_3_menu":"pages-shop","megamenu_2_column_4_title":"Blog","megamenu_2_column_4_menu":"blog","megamenu_3_parent":"shop","megamenu_3_column_1_title":"New arrivals","megamenu_3_column_1_menu":"arrivals","megamenu_3_column_2_title":"Clothing","megamenu_3_column_2_menu":"clothing","megamenu_3_column_3_title":"Accessories","megamenu_3_column_3_menu":"accessories","megamenu_3_column_4_title":"Lookbook","megamenu_3_column_4_menu":"lookbook","megamenu_4_parent":"sale","collection_mega_4":"best-seller","section_product_mega_limit":"6","twittercard_handle":"","enable_socials_share":true,"enable_social_share_1":true,"enable_social_share_2":true,"enable_social_share_3":true,"newsletter_enable":true,"newsletter_form_action":"","newsletter_popup_content":"Subscribe to the HappyKids Shop mailing list to receive updates on new arrivals,<br\/>\r\n                special offers and other discount information.","blog_title":"Blog \/ News","nb_blog_page":"3","article_style":"style1","_C_enable_category":true,"text_title_category":"All Category","_C_enable_populor":true,"text_title_blog":"RECENT POST","_C_enable_tags":true,"text_title_tag":"Tags","nb_per_page":"12","enable_img_collection":true,"collection_style":"style4","nb_thumbnail_visible":"4","show_product_swatch":true,"title_product_detail":"Boy's Fashion","select_related_product":"","related_col":"4","related_limit":"12","show_size_chart_tab":true,"shipping_tab_title":"Shipping and Return","cart_notes_enable":false,"cart_vendor_enable":false,"ajax_cart_method":"drawer","contact_map":true,"contact_map_address":"262 Milacina Mrest Street, Behansed, Paris, France","gmap_key":"","enable_box_contact_1":true,"contact_box_title_1":"Drop Us A Line","contact_box_text_1":"Business standards services compliant. Users without extensible costs.","contact_box_link_1":"hello@quato-shop.com","enable_box_contact_2":true,"contact_box_title_2":"Commercial","contact_box_text_2":"Business standards services compliant. Users without extensible costs.","contact_box_link_2":"commercial@quato-shop.com","enable_box_contact_3":true,"contact_box_title_3":"Visit Our Office","contact_box_text_3":"262 Milacina Mrest Street, Behansed, Paris, France","contact_box_link_3":"(+86) 6 888 888","contact_form_title":"Leave a message","text_title_heading":"We Are HappyKids","text_sub_title":"We Are Always Working Hard To Build The Real Value","text_about_dis_1":"Genuine pleasure cigar, dynasty becoming respectable designer, noble status rare inspiring. Purebred cruise noble pedigree, yacht university suite. First-class, elegant <br\/>\r\npanoramic symphony treasure with brilliant imported expensive inspiring five-star de-jour silver. Pearl cocktail topiary, world metropolitan.","text_about_dis_2":"Topiary de-jour gold high-rise architectural butler elegant presidential, society ladies pleasure tailored benefactor wishlist ballroom. Guests reserved grande opulent salon <br\/>\r\nproperty inspiring topiary philanthropic gifted grande educated purebred affluent. Respectable blissfull ballroom de-jour portfolio ambassador.","enable_social_about_1":true,"social_about_url_1":"#","enable_social_about_2":true,"social_about_url_2":"#","enable_social_about_3":true,"social_about_url_3":"#","enable_social_about_4":true,"social_about_url_4":"#","enable_social_about_5":true,"social_about_url_5":"#","enable_box_aboutus":true,"title_box_1":"Cups of Coffee","description_box_1":"Integer ac massa vehicula, viverra augue et, auctor urna. Morbi nec enim blandit tempor vitae sit amet est. Aenean non fringilla lacus, ultricies mi.","title_box_2":"Happy Clients","description_box_2":"Integer ac massa vehicula, viverra augue et, auctor urna. Morbi nec enim blandit tempor vitae sit amet est. Aenean non fringilla lacus, ultricies mi.","title_box_3":"Marketing Goals","description_box_3":"Integer ac massa vehicula, viverra augue et, auctor urna. Morbi nec enim blandit tempor vitae sit amet est. Aenean non fringilla lacus, ultricies mi.","title_box_4":"Awesome Ideas","description_box_4":"Integer ac massa vehicula, viverra augue et, auctor urna. Morbi nec enim blandit tempor vitae sit amet est. Aenean non fringilla lacus, ultricies mi.","enable_about_our":true,"title_about_left":"About Us","enable_about_title_1":true,"title_about_1":"WHO WE ARE","des_about_1":"Ut enim ad minim et ven veniam, quis nostrud exercitation ullamco laboris nisi ut aliquip ex commodo consequat. Duis aute irure dolor in reprehenderit in voluptate. Lorem ipsum dolor sit amet, consectetur adipisicing elit, sed do eiusmod tempor incididunt ut labore et dolore magna aliqua. Ut enim ad minim et ven veniam, quis nostrud exercitation ullamco laboris nisi ut aliquip ex commodo consequat.","enable_about_title_2":true,"title_about_2":"OUR MISSION","des_about_2":"Ut enim ad minim et ven veniam, quis nostrud exercitation ullamco laboris nisi ut aliquip ex commodo consequat. Duis aute irure dolor in reprehenderit in voluptate. Lorem ipsum dolor sit amet, consectetur adipisicing elit, sed do eiusmod tempor incididunt ut labore et dolore magna aliqua. Ut enim ad minim et ven veniam, quis nostrud exercitation ullamco laboris nisi ut aliquip ex commodo consequat.","enable_about_title_3":true,"title_about_3":"OUR SOLUTION","des_about_3":"Ut enim ad minim et ven veniam, quis nostrud exercitation ullamco laboris nisi ut aliquip ex commodo consequat. Duis aute irure dolor in reprehenderit in voluptate. Lorem ipsum dolor sit amet, consectetur adipisicing elit, sed do eiusmod tempor incididunt ut labore et dolore magna aliqua. Ut enim ad minim et ven veniam, quis nostrud exercitation ullamco laboris nisi ut aliquip ex commodo consequat.","enable_about_title_4":true,"title_about_4":"WHAT WE DO","des_about_4":"Ut enim ad minim et ven veniam, quis nostrud exercitation ullamco laboris nisi ut aliquip ex commodo consequat. Duis aute irure dolor in reprehenderit in voluptate. Lorem ipsum dolor sit amet, consectetur adipisicing elit, sed do eiusmod tempor incididunt ut labore et dolore magna aliqua. Ut enim ad minim et ven veniam, quis nostrud exercitation ullamco laboris nisi ut aliquip ex commodo consequat.","title_our_skill":"Our Skill","skills_item_text_1":"Adobe Photoshop","perc_item_skills_1":"70%","progress_bar_skills_1":"70","skills_item_text_2":"Wordpress theme","perc_item_skills_2":"90%","progress_bar_skills_2":"90","skills_item_text_3":"Photography","perc_item_skills_3":"80%","progress_bar_skills_3":"80","skills_item_text_4":"Javascript","perc_item_skills_4":"96%","progress_bar_skills_4":"96","enable_our_team":true,"title_our_team":"MEET OUR TEAM MEMBERS","text_names_staff_1":"ALICE BOGA","text_job_staff_1":"CEO & Founder","about_col_1_social":"<ul>\r\n                                    <li><a href=\"#\" target=\"_blank\" class=\"twitter\"><i class=\"fa fa-twitter\"><\/i><\/a><\/li>\r\n                                    <li><a href=\"#\" target=\"_blank\" class=\"facebook\"><i class=\"fa fa-facebook\" aria-hidden=\"true\"><\/i><\/a><\/li>\r\n                                    <li><a href=\"#\" target=\"_blank\" class=\"pinterest\"><i class=\"fa fa-youtube-play\" aria-hidden=\"true\"><\/i><\/a><\/li>\r\n                                    <li><a href=\"#\" target=\"_blank\" class=\"behance\"><i class=\"fa fa-behance\"><\/i><\/a><\/li>\r\n                                    <li><a href=\"#\" target=\"_blank\" class=\"dribbble\"><i class=\"fa fa-dribbble\"><\/i><\/a><\/li>\r\n                                <\/ul>","text_names_staff_2":"ALICE BOGA","text_job_staff_2":"Web Developer","about_col_2_social":"<ul>\r\n                                    <li><a href=\"#\" target=\"_blank\" class=\"twitter\"><i class=\"fa fa-twitter\"><\/i><\/a><\/li>\r\n                                    <li><a href=\"#\" target=\"_blank\" class=\"facebook\"><i class=\"fa fa-facebook\" aria-hidden=\"true\"><\/i><\/a><\/li>\r\n                                    <li><a href=\"#\" target=\"_blank\" class=\"pinterest\"><i class=\"fa fa-youtube-play\" aria-hidden=\"true\"><\/i><\/a><\/li>\r\n                                    <li><a href=\"#\" target=\"_blank\" class=\"behance\"><i class=\"fa fa-behance\"><\/i><\/a><\/li>\r\n                                    <li><a href=\"#\" target=\"_blank\" class=\"dribbble\"><i class=\"fa fa-dribbble\"><\/i><\/a><\/li>\r\n                                <\/ul>","text_names_staff_3":"Andrew Lewis","text_job_staff_3":"Sales & Marketing Manager","about_col_3_social":"<ul>\r\n                                    <li><a href=\"#\" target=\"_blank\" class=\"twitter\"><i class=\"fa fa-twitter\"><\/i><\/a><\/li>\r\n                                    <li><a href=\"#\" target=\"_blank\" class=\"facebook\"><i class=\"fa fa-facebook\" aria-hidden=\"true\"><\/i><\/a><\/li>\r\n                                    <li><a href=\"#\" target=\"_blank\" class=\"pinterest\"><i class=\"fa fa-youtube-play\" aria-hidden=\"true\"><\/i><\/a><\/li>\r\n                                    <li><a href=\"#\" target=\"_blank\" class=\"behance\"><i class=\"fa fa-behance\"><\/i><\/a><\/li>\r\n                                    <li><a href=\"#\" target=\"_blank\" class=\"dribbble\"><i class=\"fa fa-dribbble\"><\/i><\/a><\/li>\r\n                                <\/ul>","text_names_staff_4":"Charles Turner","text_job_staff_4":"Implementation Engineer","about_col_4_social":"<ul>\r\n                                    <li><a href=\"#\" target=\"_blank\" class=\"twitter\"><i class=\"fa fa-twitter\"><\/i><\/a><\/li>\r\n                                    <li><a href=\"#\" target=\"_blank\" class=\"facebook\"><i class=\"fa fa-facebook\" aria-hidden=\"true\"><\/i><\/a><\/li>\r\n                                    <li><a href=\"#\" target=\"_blank\" class=\"pinterest\"><i class=\"fa fa-youtube-play\" aria-hidden=\"true\"><\/i><\/a><\/li>\r\n                                    <li><a href=\"#\" target=\"_blank\" class=\"behance\"><i class=\"fa fa-behance\"><\/i><\/a><\/li>\r\n                                    <li><a href=\"#\" target=\"_blank\" class=\"dribbble\"><i class=\"fa fa-dribbble\"><\/i><\/a><\/li>\r\n                                <\/ul>","text_names_staff_5":"Sean Collins","text_job_staff_5":"Senior Web Developer","about_col_5_social":"<ul>\r\n                                    <li><a href=\"#\" target=\"_blank\" class=\"twitter\"><i class=\"fa fa-twitter\"><\/i><\/a><\/li>\r\n                                    <li><a href=\"#\" target=\"_blank\" class=\"facebook\"><i class=\"fa fa-facebook\" aria-hidden=\"true\"><\/i><\/a><\/li>\r\n                                    <li><a href=\"#\" target=\"_blank\" class=\"pinterest\"><i class=\"fa fa-youtube-play\" aria-hidden=\"true\"><\/i><\/a><\/li>\r\n                                    <li><a href=\"#\" target=\"_blank\" class=\"behance\"><i class=\"fa fa-behance\"><\/i><\/a><\/li>\r\n                                    <li><a href=\"#\" target=\"_blank\" class=\"dribbble\"><i class=\"fa fa-dribbble\"><\/i><\/a><\/li>\r\n                                <\/ul>","text_names_staff_6":"Michael Vance","text_job_staff_6":"CEO & Founder","about_col_6_social":"<ul>\r\n                                    <li><a href=\"#\" target=\"_blank\" class=\"twitter\"><i class=\"fa fa-twitter\"><\/i><\/a><\/li>\r\n                                    <li><a href=\"#\" target=\"_blank\" class=\"facebook\"><i class=\"fa fa-facebook\" aria-hidden=\"true\"><\/i><\/a><\/li>\r\n                                    <li><a href=\"#\" target=\"_blank\" class=\"pinterest\"><i class=\"fa fa-youtube-play\" aria-hidden=\"true\"><\/i><\/a><\/li>\r\n                                    <li><a href=\"#\" target=\"_blank\" class=\"behance\"><i class=\"fa fa-behance\"><\/i><\/a><\/li>\r\n                                    <li><a href=\"#\" target=\"_blank\" class=\"dribbble\"><i class=\"fa fa-dribbble\"><\/i><\/a><\/li>\r\n                                <\/ul>","text_names_staff_7":"GARY BROOK","text_job_staff_7":"Designer","about_col_7_social":"<ul>\r\n                                    <li><a href=\"#\" target=\"_blank\" class=\"twitter\"><i class=\"fa fa-twitter\"><\/i><\/a><\/li>\r\n                                    <li><a href=\"#\" target=\"_blank\" class=\"facebook\"><i class=\"fa fa-facebook\" aria-hidden=\"true\"><\/i><\/a><\/li>\r\n                                    <li><a href=\"#\" target=\"_blank\" class=\"pinterest\"><i class=\"fa fa-youtube-play\" aria-hidden=\"true\"><\/i><\/a><\/li>\r\n                                    <li><a href=\"#\" target=\"_blank\" class=\"behance\"><i class=\"fa fa-behance\"><\/i><\/a><\/li>\r\n                                    <li><a href=\"#\" target=\"_blank\" class=\"dribbble\"><i class=\"fa fa-dribbble\"><\/i><\/a><\/li>\r\n                                <\/ul>","text_names_staff_8":"Catherine Walker","text_job_staff_8":"Senior Designer","about_col_8_social":"<ul>\r\n                                    <li><a href=\"#\" target=\"_blank\" class=\"twitter\"><i class=\"fa fa-twitter\"><\/i><\/a><\/li>\r\n                                    <li><a href=\"#\" target=\"_blank\" class=\"facebook\"><i class=\"fa fa-facebook\" aria-hidden=\"true\"><\/i><\/a><\/li>\r\n                                    <li><a href=\"#\" target=\"_blank\" class=\"pinterest\"><i class=\"fa fa-youtube-play\" aria-hidden=\"true\"><\/i><\/a><\/li>\r\n                                    <li><a href=\"#\" target=\"_blank\" class=\"behance\"><i class=\"fa fa-behance\"><\/i><\/a><\/li>\r\n                                    <li><a href=\"#\" target=\"_blank\" class=\"dribbble\"><i class=\"fa fa-dribbble\"><\/i><\/a><\/li>\r\n                                <\/ul>","faqs_title_heading":"FAQ PAGE","enable_faq_1":true,"faqs_name_left_1":"How do I become an author?","faqs_title_1":"Q. How do I become an author?","faqs_des_1":"Lorem ipsum dolor sit amet, consectetur adipisicing elit. Possimus, fugiat iste nisi tempornesciunt nemo fuga? Nesciunt, delectus laboriosam nisi repudiandae nam fuga saepe animi recusandae. Asperiores, provident, esse, doloremque, adipisci eaque alias dolore molestias assumenda quasi saepe nisi ab illo ex nesciunt nobis laboriosam iusto quia nulla ad voluptatibus iste beatae voluptas corrupti facilis accusamus recusandae sequi debitis reprehenderit quibusdam.","enable_faq_2":true,"faqs_name_left_2":"Helpful Resources for Authors","faqs_title_2":"Q. Helpful Resources for Authors a","faqs_des_2":"Lorem ipsum dolor sit amet, consectetur adipisicing elit. Possimus, fugiat iste nisi tempornesciunt nemo fuga? Nesciunt, delectus laboriosam nisi repudiandae nam fuga saepe animi recusandae. Asperiores, provident, esse, doloremque, adipisci eaque alias dolore molestias assumenda quasi saepe nisi ab illo ex nesciunt nobis laboriosam iusto quia nulla ad voluptatibus iste beatae voluptas corrupti facilis accusamus recusandae sequi debitis reprehenderit quibusdam.","enable_faq_3":true,"faqs_name_left_3":"How much money can I make?","faqs_title_3":"Q. How much money can I make?","faqs_des_3":"Lorem ipsum dolor sit amet, consectetur adipisicing elit. Possimus, fugiat iste nisi tempornesciunt nemo fuga? Nesciunt, delectus laboriosam nisi repudiandae nam fuga saepe animi recusandae. Asperiores, provident, esse, doloremque, adipisci eaque alias dolore molestias assumenda quasi saepe nisi ab illo ex nesciunt nobis laboriosam iusto quia nulla ad voluptatibus iste beatae voluptas corrupti facilis accusamus recusandae sequi debitis reprehenderit quibusdam.","enable_faq_4":true,"faqs_name_left_4":"Q. Can I offer my items for free on a promotional basis?","faqs_title_4":"Q. How much money can I make?","faqs_des_4":"Lorem ipsum dolor sit amet, consectetur adipisicing elit. Possimus, fugiat iste nisi tempornesciunt nemo fuga? Nesciunt, delectus laboriosam nisi repudiandae nam fuga saepe animi recusandae. Asperiores, provident, esse, doloremque, adipisci eaque alias dolore molestias assumenda quasi saepe nisi ab illo ex nesciunt nobis laboriosam iusto quia nulla ad voluptatibus iste beatae voluptas corrupti facilis accusamus recusandae sequi debitis reprehenderit quibusdam.\r\n<br\/>\r\nPossimus, fugiat iste nisi tempore nesciunt nemo fuga? Nesciunt, delectus laboriosam nisi repudiandae nam fuga saepe animi recusandae. Asperiores, provident, esse, doloremque, adipisci eaque alias dolore molestias assumenda quasi saepe nisi ab illo ex nesciunt nobis laboriosam iusto quia nulla ad voluptatibus iste beatae voluptas corrupti facilis accusamus recusandae sequi debitis reprehenderit quibusdam. Facilis eligendi a exercitationem nisi et placeat excepturi velit! Asperiores, provident, esse, doloremque, adipisci eaque alias dolore molestias assumenda quasi saepe nisi ab illo ex nesciunt nobis laboriosam iusto quia nulla ad voluptatibus iste beatae voluptas corrupti facilis accusamus recusandae sequi debitis reprehenderit quibusdam. Facilis eligendi a exercitationem nisi et placeat excepturi velit!","enable_faq_5":true,"faqs_name_left_5":"An Introduction to the Marketplaces for A  uthors","faqs_title_5":"Q. An Introduction to the Marketplaces for A  uthors","faqs_des_5":"Possimus, fugiat iste nisi tempore nesciunt nemo fuga? Nesciunt, delectus laboriosam nisi repudiandae nam fuga saepe animi recusandae. Asperiores, provident, esse, doloremque, adipisci eaque alias dolore molestias assumenda quasi saepe nisi ab illo ex nesciunt nobis laboriosam iusto quia nulla ad voluptatibus iste beatae voluptas corrupti facilis accusamus recusandae sequi debitis reprehenderit quibusdam. Facilis eligendi a exercitationem nisi et placeat excepturi velit! Asperiores, provident, esse, doloremque, adipisci eaque alias dolore molestias assumenda quasi saepe nisi ab illo ex nesciunt nobis laboriosam iusto quia nulla ad voluptatibus iste beatae voluptas corrupti facilis accusamus recusandae sequi debitis reprehenderit quibusdam. Facilis eligendi a exercitationem nisi et placeat excepturi velit!","enable_faq_6":true,"faqs_name_left_6":"How does the Tuts+ Premium affiliate program work?","faqs_title_6":"Q. How does the Tuts+ Premium affiliate program work?","faqs_des_6":"Possimus, fugiat iste nisi tempore nesciunt nemo fuga? Nesciunt, delectus laboriosam nisi repudiandae nam fuga saepe animi recusandae. Asperiores, provident, esse, doloremque, adipisci eaque alias dolore molestias assumenda quasi saepe nisi ab illo ex nesciunt nobis laboriosam iusto quia nulla ad voluptatibus iste beatae voluptas corrupti facilis accusamus recusandae sequi debitis reprehenderit quibusdam. Facilis eligendi a exercitationem nisi et placeat excepturi velit! Asperiores, provident, esse, doloremque, adipisci eaque alias dolore molestias assumenda quasi saepe nisi ab illo ex nesciunt nobis laboriosam iusto quia nulla ad voluptatibus iste beatae voluptas corrupti facilis accusamus recusandae sequi debitis reprehenderit quibusdam. Facilis eligendi a exercitationem nisi et placeat excepturi velit!","enable_faq_7":true,"faqs_name_left_7":"What Images, Videos, Code or Music Can I Use in my","faqs_title_7":"Q. What Images, Videos, Code or Music Can I Use in my","faqs_des_7":"Possimus, fugiat iste nisi tempore nesciunt nemo fuga? Nesciunt, delectus laboriosam nisi repudiandae nam fuga saepe animi recusandae. Asperiores, provident, esse, doloremque, adipisci eaque alias dolore molestias assumenda quasi saepe nisi ab illo ex nesciunt nobis laboriosam iusto quia nulla ad voluptatibus iste beatae voluptas corrupti facilis accusamus recusandae sequi debitis reprehenderit quibusdam. Facilis eligendi a exercitationem nisi et placeat excepturi velit! Asperiores, provident, esse, doloremque, adipisci eaque alias dolore molestias assumenda quasi saepe nisi ab illo ex nesciunt nobis laboriosam iusto quia nulla ad voluptatibus iste beatae voluptas corrupti facilis accusamus recusandae sequi debitis reprehenderit quibusdam. Facilis eligendi a exercitationem nisi et placeat excepturi velit!","enable_faq_8":true,"faqs_name_left_8":"Can I use trademarked names in my items?","faqs_title_8":"Q. Can I use trademarked names in my items?","faqs_des_8":"Possimus, fugiat iste nisi tempore nesciunt nemo fuga? Nesciunt, delectus laboriosam nisi repudiandae nam fuga saepe animi recusandae. Asperiores, provident, esse, doloremque, adipisci eaque alias dolore molestias assumenda quasi saepe nisi ab illo ex nesciunt nobis laboriosam iusto quia nulla ad voluptatibus iste beatae voluptas corrupti facilis accusamus recusandae sequi debitis reprehenderit quibusdam. Facilis eligendi a exercitationem nisi et placeat excepturi velit! Asperiores, provident, esse, doloremque, adipisci eaque alias dolore molestias assumenda quasi saepe nisi ab illo ex nesciunt nobis laboriosam iusto quia nulla ad voluptatibus iste beatae voluptas corrupti facilis accusamus recusandae sequi debitis reprehenderit quibusdam. Facilis eligendi a exercitationem nisi et placeat excepturi velit!","enable_faq_9":true,"faqs_name_left_9":"Tips for Increasing Your Referral Income","faqs_title_9":"Q. Tips for Increasing Your Referral Income","faqs_des_9":"Possimus, fugiat iste nisi tempore nesciunt nemo fuga? Nesciunt, delectus laboriosam nisi repudiandae nam fuga saepe animi recusandae. Asperiores, provident, esse, doloremque, adipisci eaque alias dolore molestias assumenda quasi saepe nisi ab illo ex nesciunt nobis laboriosam iusto quia nulla ad voluptatibus iste beatae voluptas corrupti facilis accusamus recusandae sequi debitis reprehenderit quibusdam. Facilis eligendi a exercitationem nisi et placeat excepturi velit! Asperiores, provident, esse, doloremque, adipisci eaque alias dolore molestias assumenda quasi saepe nisi ab illo ex nesciunt nobis laboriosam iusto quia nulla ad voluptatibus iste beatae voluptas corrupti facilis accusamus recusandae sequi debitis reprehenderit quibusdam. Facilis eligendi a exercitationem nisi et placeat excepturi velit!","enable_faq_10":true,"faqs_name_left_10":"How can I get support for an item which isn't working","faqs_title_10":"Q. How can I get support for an item which isn't working","faqs_des_10":"Possimus, fugiat iste nisi tempore nesciunt nemo fuga? Nesciunt, delectus laboriosam nisi repudiandae nam fuga saepe animi recusandae. Asperiores, provident, esse, doloremque, adipisci eaque alias dolore molestias assumenda quasi saepe nisi ab illo ex nesciunt nobis laboriosam iusto quia nulla ad voluptatibus iste beatae voluptas corrupti facilis accusamus recusandae sequi debitis reprehenderit quibusdam. Facilis eligendi a exercitationem nisi et placeat excepturi velit! Asperiores, provident, esse, doloremque, adipisci eaque alias dolore molestias assumenda quasi saepe nisi ab illo ex nesciunt nobis laboriosam iusto quia nulla ad voluptatibus iste beatae voluptas corrupti facilis accusamus recusandae sequi debitis reprehenderit quibusdam. Facilis eligendi a exercitationem nisi et placeat excepturi velit!","checkout_header_image":"","checkout_use_storefront_logo":true,"checkout_logo_image":"","checkout_logo_position":"left","checkout_logo_size":"medium","checkout_body_background_image":"","checkout_body_background_color":"#fff","checkout_input_background_color_mode":"white","checkout_sidebar_background_image":"","checkout_sidebar_background_color":"#fafafa","checkout_heading_font":"Helvetica Neue","checkout_body_font":"Helvetica Neue","checkout_accent_color":"#1990C6","checkout_button_color":"#1990C6","checkout_error_color":"#ff6d6d","ads_enable":true,"ads_block_url":"#","custom_cms_enable":false,"custom_cms_title":"Custom cms widget","custom_cms_content":"<em>Custom CMS block displayed at the left sidebar on the Catalog Page. Put your own content here: text, html, images, media... whatever you like.<\/em><br><br><em>There are many similar sample content placeholders across the store. All editable from admin panel.<\/em>","tags_enable":false,"filter_title":"Shop By","blogstyle":"style1","show_shipping_tab":true,"shipping_tab_content":"<b>Returns Policy<\/b><br>\r\n<p>You may return most new, unopened items within 30 days of delivery for a full refund. We'll also pay the return shipping costs if the return is a result of our error (you received an incorrect or defective item, etc.).<\/p>\r\n\r\n<p>You should expect to receive your refund within four weeks of giving your package to the return shipper, however, in many cases you will receive a refund more quickly. This time period includes the transit time for us to receive your return from the shipper (5 to 10 business days), the time it takes us to process your return once we receive it (3 to 5 business days), and the time it takes your bank to process our refund request (5 to 10 business days).<\/p>\r\n\r\n<p>If you need to return an item, simply login to your account, view the order using the 'Complete Orders' link under the My Account menu and click the Return Item(s) button. We'll notify you via e-mail of your refund once we've received and processed the returned item.<\/p>\r\n\r\n<b>Shipping<\/b><br>\r\n<p>We can ship to virtually any address in the world. Note that there are restrictions on some products, and some products cannot be shipped to international destinations.<\/p>\r\n\r\n<p>When you place an order, we will estimate shipping and delivery dates for you based on the availability of your items and the shipping options you choose. Depending on the shipping provider you choose, shipping date estimates may appear on the shipping quotes page.<\/p>\r\n\r\n<p>Please also note that the shipping rates for many items we sell are weight-based. The weight of any such item can be found on its detail page. To reflect the policies of the shipping companies we use, all weights will be rounded up to the next full po<\/p>","size_chart_title":"Size Chart","color_footer_bg":"#f1f1f1","color_secondary":"#bbb","map_longitude":"21.0311448","map_latitude":"105.7640188","enable_blog_v2":true,"section_blog_title_v2":"Blogs","enable_product_sale_v2":true,"section_product_sidebar_title_v2":"On Sale","select_collection_product_sidebar":"","section_product_sidebar_limit":"3","enable_img_sidebar_v2":true,"section_url_img_v2":"#","enable_newsletter_v2":true,"section_title_newsletter_v2":"News Letter","section_Description_blog":"Subscribe to the Boutique mailing list to receive updates on new arrivals and special offers.","newsletter_form_action_sidebar":"\/\/myshopify.us12.list-manage.com\/subscribe\/post?u=9ade7b39da179308b891bd263&amp;id=e9dbec7f92","enable_socials_sidebar_v2":true,"sidebar_socials_enable_1":true,"sidebar_socials_icon_1":"fa-facebook","sidebar_socials_link_1":"#","sidebar_socials_enable_2":true,"sidebar_socials_icon_2":"fa-google-plus","sidebar_socials_link_2":"#","sidebar_socials_enable_3":true,"sidebar_socials_icon_3":"fa-rss","sidebar_socials_link_3":"#","sidebar_socials_enable_4":true,"sidebar_socials_icon_4":"fa-twitter","sidebar_socials_link_4":"#","sidebar_socials_enable_5":true,"sidebar_socials_icon_5":"fa-youtube","sidebar_socials_link_5":"#","sidebar_socials_enable_6":true,"sidebar_socials_icon_6":"fa-vine","sidebar_socials_link_6":"#","sidebar_socials_enable_7":true,"sidebar_socials_icon_7":"","sidebar_socials_link_7":"#","sidebar_socials_enable_8":true,"sidebar_socials_icon_8":"","sidebar_socials_link_8":"#","text_our_team":"Professional & Outstanding ideas of our passionate team makes us unique in every sense.","enable_our_skills":true,"title_our_skills":"Our Skills","text_our_skills":"","skills_item_text_5":"Joomla Template","perc_item_skills_5":"80%","progress_bar_skills_5":"80","skills_item_text_6":"3D Max","perc_item_skills_6":"55%","progress_bar_skills_6":"55","skills_item_text_7":"Photoshop Cs6","perc_item_skills_7":"98%","progress_bar_skills_7":"98","skills_item_text_8":"Magento theme","perc_item_skills_8":"85%","progress_bar_skills_8":"85","text_icon_box_1":"fa-map-o","text_icon_box_2":"fa-gears","text_icon_box_3":"fa-life-buoy","contact_box_icon_1":"fa-map-marker","contact_box_icon_2":"fa-envelope-o","contact_box_icon_3":"fa-phone","blog_text_title":"Text of the printing and typesetting industry.kkn zs","checkout_use_header_image":false,"checkout_logo":"logo.png","checkout_use_body_background_image":true,"checkout_use_sidebar_background_image":false,"select-nav-menu":"nav-menu-2","footer_socials_icon_1":"fa-facebook","footer_socials_link_1":"#","footer_socials_icon_2":"fa-google-plus","footer_socials_link_2":"#","footer_socials_icon_3":"fa-rss","footer_socials_link_3":"#","footer_socials_icon_4":"fa-twitter","footer_socials_link_4":"#","footer_socials_icon_5":"fa-youtube","footer_socials_link_5":"#","footer_socials_icon_6":"fa-vine","footer_socials_link_6":"#","footer_socials_icon_7":"","footer_socials_link_7":"#","footer_socials_icon_8":"","footer_socials_link_8":"#","footer_twitter_title":"Twitter","footer_twitter_text":"<li><a href=\"#\">@Engo-Creative<\/a> Lorem Ipsum is simply dummy text of the printing and<br\/> typesetting industry. <br\/>Lorem Ipsum is simply dummy text of the printing<\/li>                 <li><a href=\"#\">@Engo-Creative<\/a> Lorem Ipsum is simply...<\/li>","megamenu_1_column_1_2_title":"Hot sale","megamenu_1_column_1_2_menu":"sale","megamenu_1_column_2_2_title":"Lookbook","megamenu_1_column_2_2_menu":"lookbook","megamenu_1_column_3_2_title":"Accessories","megamenu_1_column_3_2_menu":"accessories","megamenu_1_column_1.2_title":"Hot Sale","megamenu_1_column_1.2_menu":"sale","megamenu_1_column_2.2_title":"Lookbook","megamenu_1_column_2.2_menu":"lookbook","megamenu_1_column_3.2_title":"Accessories","megamenu_1_column_3.2_menu":"accessories","megamenu_1_column_4_title":"Custom link","megamenu_1_column_4_menu":"","megamenu_1_column_5_title":"Shoping with us","megamenu_1_column_5_menu":"","megamenu_1_column_6_title":"","megamenu_1_column_6_menu":"","megamenu_1_image_1_url":"#","megamenu_2_column_5_title":"","megamenu_2_image_1_url":"","megamenu_3_image_1_url":"","home_section_1":"section-slider-v2","home_section_full_1":false,"home_section_space_1":"0","home_section_2":"section-content-v2","home_section_full_2":false,"home_section_space_2":"space-40","home_section_3":"section-banner-bottom-v2","home_section_full_3":false,"home_section_space_3":"space-top-60","home_section_4":"","home_section_full_4":false,"home_section_space_4":"space-top-60 space-60","home_section_5":"","home_section_full_5":false,"home_section_space_5":"space-top-60 space-60","home_section_6":"","home_section_full_6":true,"home_section_space_6":"space-top-20","home_section_7":"","home_section_full_7":true,"home_section_space_7":"space-top-60 padding-top4 space-40","slider_v2_enable_1":true,"slider_v2_background_color_1":"#DADBDD","slider_v2_title_1":"199","slider_v2_content_1":"usd","slider_v2_title_text_1":"The latest Product from Boutique","slider_v2_sub_title_1":"Featured","slider_v2_text_1":"Jumpsuits","slider_v2_url_1":"#","slider_v2_button_text_1":"Shop now","slider_v2_enable_2":true,"slider_v2_background_color_2":"#dadbdd","slider_v2_title_2":"Summer","slider_v2_content_2":"2016","slider_v2_text_2":"Collection fashion summer 2016","slider_v2_url_2":"#","slider_v2_button_text_2":"Shop now","slider_v2_enable_3":false,"slider_v2_background_color_3":"#DADBDD","slider_v2_title_3":"Outerwear","slider_v2_content_3":"Style 2016","slider_v2_url_3":"#","slider_v2_button_text_3":"View Collection","slider_v2_enable_4":false,"slider_v2_background_color_4":"#DADBDD","slider_v2_title_4":"NEW WAY TO DESIGN","slider_v2_content_4":"Dephinus with a tool that makes design simple for everyone.","slider_v2_url_4":"#","slider_v2_button_text_4":"View Collection","slider_v2_enable_5":false,"slider_v2_background_color_5":"#DADBDD","slider_v2_title_5":"Outerwear","slider_v2_content_5":"Style 2016","slider_v2_url_5":"#","slider_v2_button_text_5":"Shop now","slider_v2_autoplay":"8000","col_1_menu":"categories","collection_carousel_enable_1":true,"collection_carousel_1":"","collection_sub_nav_1":"","collection_carousel_enable_2":true,"collection_carousel_2":"","collection_sub_nav_2":"","collection_carousel_enable_3":true,"collection_carousel_3":"","collection_sub_nav_3":"","collection_carousel_enable_4":true,"collection_carousel_4":"","collection_sub_nav_4":"","collection_carousel_enable_5":true,"collection_carousel_5":"","collection_sub_nav_5":"","collection_carousel_enable_6":true,"collection_carousel_6":"frontpage","collection_sub_nav_6":"","collection_product_tab_gird":"4","collection_product_tab_limit":"8","collection_product_tab_text":"Lorem Ipsum is simply dummy text of the printing and typesetting industry.","product_tab_enable_1":true,"collection_title_tab_1":"BESTSELLER","collection_product_tab_1":"woment","product_tab_enable_2":true,"collection_title_tab_2":"FEATURED","collection_product_tab_2":"woment","product_tab_enable_3":true,"collection_title_tab_3":"all","collection_product_tab_3":"woment","product_tab_enable_4":false,"collection_title_tab_4":"aaaaa","collection_product_tab_4":"","product_tab_enable_5":false,"collection_title_tab_5":"","collection_product_tab_5":"","latest_blog_title":"News &amp; Blogs","blog_tab_v1_num":"3","blog_tab_v1_limit":"8","enable_blog_tab_1":true,"blog_title_tab_1":"All","select_blog_tab_1":"all-1","enable_blog_tab_2":true,"blog_title_tab_2":"News","select_blog_tab_2":"news","enable_blog_tab_3":true,"blog_title_tab_3":"Featured","select_blog_tab_3":"featured","enable_blog_tab_4":true,"blog_title_tab_4":"Event","select_blog_tab_4":"all-1","enable_blog_tab_5":false,"blog_title_tab_5":"All","select_blog_tab_5":"","collections_parallax_intro_enable_1":false,"collections_parallax_intro_col_1":"","collections_parallax_intro_align_1":"text-center","collections_parallax_intro_title_1":"","collections_parallax_intro_url_1":"","collections_parallax_intro_des_1":"","collections_parallax_intro_color_1":"white","collections_parallax_intro_button_text_1":"View collection","collections_parallax_intro_enable_2":false,"collections_parallax_intro_col_2":"","collections_parallax_intro_align_2":"text-center","collections_parallax_intro_title_2":"","collections_parallax_intro_url_2":"","collections_parallax_intro_des_2":"","collections_parallax_intro_color_2":"white","collections_parallax_intro_button_text_2":"View collection","collections_parallax_intro_enable_3":false,"collections_parallax_intro_col_3":"","collections_parallax_intro_align_3":"text-center","collections_parallax_intro_title_3":"","collections_parallax_intro_url_3":"","collections_parallax_intro_des_3":"","collections_parallax_intro_color_3":"white","collections_parallax_intro_button_text_3":"View collection","collections_parallax_intro_enable_4":false,"collections_parallax_intro_col_4":"","collections_parallax_intro_align_4":"text-center","collections_parallax_intro_title_4":"","collections_parallax_intro_url_4":"","collections_parallax_intro_des_4":"","collections_parallax_intro_color_4":"white","collections_parallax_intro_button_text_4":"View collection","collection_mega_menu_banner_url":"#","collection_mega_menu_menu":"","collection_mega_menu_enable_1":false,"collection_mega_menu_col_1":"","collection_mega_menu_col_title_1":"","collection_mega_menu_col_sub_title_1":"","collection_mega_menu_col_url_1":"","collection_mega_menu_col_description_1":"","collection_mega_menu_col_button_text_1":"Shop now","collection_mega_menu_enable_2":false,"collection_mega_menu_col_2":"","collection_mega_menu_col_title_2":"","collection_mega_menu_col_sub_title_2":"","collection_mega_menu_col_url_2":"","collection_mega_menu_col_description_2":"","collection_mega_menu_col_button_text_2":"Shop now","collection_mega_menu_enable_3":false,"collection_mega_menu_col_3":"","collection_mega_menu_col_title_3":"","collection_mega_menu_col_sub_title_3":"","collection_mega_menu_col_url_3":"","collection_mega_menu_col_description_3":"","collection_mega_menu_col_button_text_3":"Shop now","collection_mega_menu_enable_4":false,"collection_mega_menu_col_4":"","collection_mega_menu_col_title_4":"","collection_mega_menu_col_sub_title_4":"","collection_mega_menu_col_url_4":"","collection_mega_menu_col_description_4":"","collection_mega_menu_col_button_text_4":"Shop now","collection_mega_menu_enable_5":false,"collection_mega_menu_col_5":"","collection_mega_menu_col_title_5":"","collection_mega_menu_col_sub_title_5":"","collection_mega_menu_col_url_5":"","collection_mega_menu_col_description_5":"","collection_mega_menu_col_button_text_5":"Shop now","collection_cta_intro_enable_1":false,"collection_cta_intro_1":"","collection_cta_intro_1_align":"left","collection_cta_intro_1_collection_title":"","collection_cta_intro_1_url":"","collection_cta_intro_1_number_products":"6","collection_cta_intro_1_cta_title_primary":"OUR STORY","collection_cta_intro_1_cta_background_primary":"#bdd094","collection_cta_intro_1_cta_title_secondary":"","collection_cta_intro_1_cta_background_secondary":"#c7db9c","collection_cta_intro_1_cta_content":"Lorem ipsum dolor sit amet, consectetur adipiscing elit. Cras tempus nulla quis magna accumsan iaculis non vitae mi. Nam ac consectetur purus, ut scelerisque turpis. Ut id nulla cursus, convallis leo eu, placerat ipsum. Fusce lacus nunc, feugiat ac sodales et, bibendum id orci.","collection_cta_intro_1_cta_button_url":"","collection_cta_intro_1_cta_button_text":"","collection_cta_intro_enable_2":false,"collection_cta_intro_2":"","collection_cta_intro_2_align":"right","collection_cta_intro_2_collection_title":"","collection_cta_intro_2_url":"","collection_cta_intro_2_number_products":"6","collection_cta_intro_2_cta_title_primary":"SPECIAL OFFER","collection_cta_intro_2_cta_background_primary":"#b2d9c8","collection_cta_intro_2_cta_title_secondary":"SERIES 7 CHAIR COLOURED","collection_cta_intro_2_cta_background_secondary":"#bce5d3","collection_cta_intro_2_cta_content":"Lorem ipsum dolor sit amet, consectetur adipiscing elit. Cras tempus nulla quis magna accumsan iaculis non vitae mi. Nam ac consectetur purus, ut scelerisque turpis. Ut id nulla cursus, convallis leo eu, placerat ipsum. Fusce lacus nunc, feugiat ac sodales et, bibendum id orci.","collection_cta_intro_2_cta_button_url":"","collection_cta_intro_2_cta_button_text":"Shop now","collection_cta_intro_enable_3":false,"collection_cta_intro_3":"","collection_cta_intro_3_align":"left","collection_cta_intro_3_collection_title":"","collection_cta_intro_3_url":"","collection_cta_intro_3_number_products":"6","collection_cta_intro_3_cta_title_primary":"CUSTOM BLOCK","collection_cta_intro_3_cta_background_primary":"#9ebedf","collection_cta_intro_3_cta_title_secondary":"","collection_cta_intro_3_cta_background_secondary":"#a7c8eb","collection_cta_intro_3_cta_content":"Lorem ipsum dolor sit amet, consectetur adipiscing elit. Cras tempus nulla quis magna accumsan iaculis non vitae mi. Nam ac consectetur purus, ut scelerisque turpis. Ut id nulla cursus, convallis leo eu, placerat ipsum. Fusce lacus nunc, feugiat ac sodales et, bibendum id orci.","collection_cta_intro_3_cta_button_url":"","collection_cta_intro_3_cta_button_text":"","testimonial_carousel_v1_enable_1":true,"testimonial_content_1":"Lorem Ipsum is simply dummy text of the printing and typesetting industry.<br\/> Lorem Ipsum has been the industry's standard dummy text ever since the 1500s, when an unknown printer took a galley of type and scrambled<br\/> it to make a type specimen book.","testimonial_carousel_v1_enable_2":true,"testimonial_content_2":"Lorem Ipsum is simply dummy text of the printing and typesetting industry.<br\/> Lorem Ipsum has been the industry's standard dummy text ever since the 1500s, when an unknown printer took a galley of type and scrambled<br\/> it to make a type specimen book.","testimonial_carousel_v1_enable_3":true,"testimonial_content_3":"Lorem Ipsum is simply dummy text of the printing and typesetting industry.<br\/> Lorem Ipsum has been the industry's standard dummy text ever since the 1500s, when an unknown printer took a galley of type and scrambled<br\/> it to make a type specimen book.","testimonial_carousel_v1_enable_4":false,"testimonial_content_4":"","testimonial_carousel_v1_enable_5":false,"testimonial_content_15":"","testimonial_carousel_v1_enable_6":false,"testimonial_content_6":"","interactive_banner_v1_title_1":"WOMEN","interactive_banner_v1_content_1":"Lorem Ipsum is simply dummy text of the printing and typesetting industry.","interactive_banner_v1_button_1":"Shop now","interactive_banner_v1_url_1":"#","interactive_banner_v1_title_2":"BIG SALE 30%","interactive_banner_v1_content_2":"Lorem Ipsum is simply dummy text of the printing and typesetting industry.","interactive_banner_v1_button_2":"VIEW MORE","interactive_banner_v1_url_2":"#","interactive_banner_v1_title_3":"MEN","interactive_banner_v1_content_3":"Lorem Ipsum is simply dummy text of the printing and typesetting industry.","interactive_banner_v1_button_3":"SHOP NOW","interactive_banner_v1_url_3":"#","banner_v2_url":"#","brand_carousel_v1_enable_1":true,"brand_carousel_v1_url_1":"#","brand_carousel_v1_enable_2":true,"brand_carousel_v1_url_2":"#","brand_carousel_v1_enable_3":true,"brand_carousel_v1_url_3":"#","brand_carousel_v1_enable_4":true,"brand_carousel_v1_url_4":"#","brand_carousel_v1_enable_5":true,"brand_carousel_v1_url_5":"#","brand_carousel_v1_enable_6":true,"brand_carousel_v1_url_6":"#","brand_carousel_v1_enable_7":true,"brand_carousel_v1_url_7":"#","brand_carousel_v1_enable_8":true,"brand_carousel_v1_url_8":"#","brand_carousel_v1_enable_9":true,"brand_carousel_v1_url_9":"#","brand_carousel_v1_enable_10":true,"brand_carousel_v1_url_10":"#","collection_product_tab_gird_v2":"4","collection_product_tab_limit_v2":"8","collection_product_tab_text_v2":"See all products","collection_product_tab_url_v2":"#","product_tab_enable_1_v2":true,"collection_title_tab_1_v2":"New arrivals","collection_product_tab_1_v2":"woment","product_tab_enable_2_v2":true,"collection_title_tab_2_v2":"Bestseller","collection_product_tab_2_v2":"woment","product_tab_enable_3_v2":true,"collection_title_tab_3_v2":"Hot products","collection_product_tab_3_v2":"woment","product_tab_enable_4_v2":false,"collection_title_tab_4_v2":"","collection_product_tab_4_v2":"","product_tab_enable_5_v2":false,"collection_title_tab_5_v2":"","collection_product_tab_5_v2":"","enable_product_v2":true,"section_content_title":"FEATURED","select_collection_product_content":"woment","section_content_gird":"3","section_product_limit":"8","enable_section_banner_v2":true,"banner_v2_url_1":"#","banner_v2_url_2":"#","enable_tab_collection_v2":true,"collection_product_title":"New Arrivals","collection_product_text":"Lorem Ipsum is simply dummy text of the printing and typesetting industry.","select_collection_product":"woment","collection_product_gird":"4","collection_product_limit":"8","policy_enable_1":true,"policy_title_1":"Free Shipping","policy_text_icon_1":"fa-rocket","policy_enable_2":true,"policy_title_2":"MONEY BACK 100%","policy_text_icon_2":"fa-reply-all","policy_enable_3":true,"policy_title_3":"SUPPORT 24\/7","policy_text_icon_3":"fa-life-ring","policy_enable_4":true,"policy_title_4":"MEMBER DISCOUNT","policy_text_icon_4":"fa-cc-mastercard","slider_v1_enable_1":true,"slider_v1_background_color_1":"#DADBDD","slider_v1_title_1":"199","slider_v1_content_1":"USD","slider_v1_title_text_1":"The latest Product from Boutique","slider_v1_sub_title_1":"Featured","slider_v1_text_1":"Jumpsuits","slider_v1_url_1":"#","slider_v1_button_text_1":"Shop now","slider_v1_enable_2":true,"slider_v1_background_color_2":"#dadbdd","slider_v1_title_2":"Outerwear","slider_v1_content_2":"Style 2016","slider_v1_url_2":"#","slider_v1_button_text_2":"View collection","slider_v1_enable_3":false,"slider_v1_background_color_3":"#DADBDD","slider_v1_title_3":"Outerwear","slider_v1_content_3":"Style 2016","slider_v1_url_3":"#","slider_v1_button_text_3":"Shop now","slider_v1_enable_4":false,"slider_v1_background_color_4":"#DADBDD","slider_v1_title_4":"Slide title","slider_v1_content_4":"","slider_v1_url_4":"#","slider_v1_button_text_4":"Shop now","slider_v1_enable_5":false,"slider_v1_background_color_5":"#DADBDD","slider_v1_title_5":"Outerwear","slider_v1_content_5":"","slider_v1_url_5":"#","slider_v1_button_text_5":"Shop now","slider_v1_autoplay":"8000","footer_newsletter_enable_1":false,"footer_socials_enable_1":true,"footer_socials_enable_2":true,"footer_socials_enable_3":true,"footer_socials_enable_4":true,"footer_socials_enable_5":true,"footer_socials_enable_6":true,"footer_socials_enable_7":false,"footer_socials_enable_8":false,"footer_default_for_homepage":"footer","footer_default_for_other_page":"footer","footer_about_title_1":"About Us","footer_about_sub_text_1":"Lorem Ipsum is simply dummy text of the printing and typesetting industry.","footer_address_text_1":"Queen St\/Collins St, Melbourne, Victoria, Australia","footer_phone_text_1":"(+84) 988 992 088","footer_email_text_1":"engocreative@gmail.com","footer_links_title":"Links","footer_menu":"footer","header_default_for_homepage":"header-v2","header_default_for_other_page":"header","collection_intro_v1_enable_1":"1","collection_intro_v1_1":"","collection_intro_v1_label_1":"Chair collection","collection_intro_v1_label_color_1":"#c7db9c","collection_intro_v1_icon_1":"icon-Chair","collection_intro_v1_enable_2":"1","collection_intro_v1_2":"","collection_intro_v1_label_2":"","collection_intro_v1_label_color_2":"#f4dc86","collection_intro_v1_icon_2":"","collection_intro_v1_enable_3":"1","collection_intro_v1_3":"","collection_intro_v1_label_3":"","collection_intro_v1_label_color_3":"#a7c8eb","collection_intro_v1_icon_3":"","collection_intro_v1_enable_4":"1","collection_intro_v1_4":"","collection_intro_v1_label_4":"","collection_intro_v1_label_color_4":"#ed8b5c","collection_intro_v1_icon_4":"","collection_intro_v1_enable_5":"1","collection_intro_v1_5":"","collection_intro_v1_label_5":"","collection_intro_v1_label_color_5":"#bce5d3","collection_intro_v1_icon_5":"","collection_intro_v1_enable_6":"0","collection_intro_v1_6":"","collection_intro_v1_label_6":"","collection_intro_v1_label_color_6":"#d1aece","collection_intro_v1_icon_6":"","collection_intro_v2_collection":"","collection_intro_v2_align":"left","collection_intro_v2_title":"","collection_intro_v2_url":"","collection_intro_v2_number_products":"6","collection_intro_v3_enable_1":"0","collection_intro_v3_1":"","collection_intro_v3_label_1":"","collection_intro_v3_url_1":"","collection_intro_v3_label_color_1":"#c7db9c","collection_intro_v3_enable_2":"0","collection_intro_v3_2":"","collection_intro_v3_label_2":"","collection_intro_v3_url_2":"","collection_intro_v3_label_color_2":"#f4dc86","collection_intro_v3_enable_3":"0","collection_intro_v3_3":"","collection_intro_v3_label_3":"","collection_intro_v3_url_3":"","collection_intro_v3_label_color_3":"#a7c8eb","collection_intro_v3_enable_4":"0","collection_intro_v3_4":"","collection_intro_v3_label_4":"","collection_intro_v3_url_4":"","collection_intro_v3_label_color_4":"#bce5d3","collections_intro_v4_enable_1":"0","collections_intro_v4_col_1":"","collections_intro_v4_title_1":"","collections_intro_v4_url_1":"","collections_intro_v4_subtitle_1":"","collections_intro_v4_enable_2":"0","collections_intro_v4_col_2":"","collections_intro_v4_title_2":"","collections_intro_v4_url_2":"","collections_intro_v4_subtitle_2":"","collections_intro_v4_enable_3":"0","collections_intro_v4_col_3":"","collections_intro_v4_title_3":"","collections_intro_v4_url_3":"","collections_intro_v4_subtitle_3":"","collections_list_v1_enable_1":"0","collections_list_v1_1":"","collections_list_v1_enable_2":"0","collections_list_v1_2":"","collections_list_v1_enable_3":"0","collections_list_v1_3":"","collections_list_v1_enable_4":"0","collections_list_v1_4":"","collections_list_v1_enable_5":"0","collections_list_v1_5":"","collections_list_v1_enable_6":"0","collections_list_v1_6":"","products_listing_collection":"","products_listing_filter_tags":"","products_listing_items_per_page":"16","products_listing_columns":"4","product_featured_v1_collection":"frontpage","product_featured_v1_title":"Featured Products","product_featured_v1_item_url":"#","product_featured_v1_num":"3","product_featured_v1_limit":"6","products_featured_v2_collection":"","products_featured_v2_title":"Featured Products","products_featured_v2_item_url":"#","products_featured_v3_collection":"","products_featured_v3_title":"","products_featured_v3_url":"","products_latest_v1_collection":"","products_latest_v1_title":"New Arrivals","products_latest_v1_url":"#","products_latest_v1_num":"4","products_latest_v1_limit":"8","products_latest_v2_collection":"","products_latest_v2_title":"New Arrivals","products_latest_v2_url":"#","products_latest_v3_collection":"","products_latest_v3_title":"New Arrivals","products_latest_v3_url":"#","products_slider_background_type":"bg-gradient-gray","products_slider_enabled_product_1":"1","products_slider_product_1":"","products_slider_enabled_product_2":"1","products_slider_product_2":"","products_slider_enabled_product_3":"1","products_slider_product_3":"","products_slider_enabled_product_4":"1","products_slider_product_4":"","products_slider_enabled_product_5":"1","products_slider_product_5":"","products_slider_enabled_product_6":"1","products_slider_product_6":"","products_slider_enabled_product_7":"0","products_slider_product_7":"","products_slider_enabled_product_8":"0","products_slider_product_8":"","products_slider_enabled_product_9":"0","products_slider_product_9":"","products_gallery_collection":"","products_deal_item_enabled_1":"0","products_deal_item_1":"","products_deal_end_time_1":"","products_deal_item_enabled_2":"0","products_deal_item_2":"","products_deal_end_time_2":"","products_deal_item_enabled_3":"0","products_deal_item_3":"","products_deal_end_time_3":"","products_deal_item_enabled_4":"0","products_deal_item_4":"","products_deal_end_time_4":"","products_deal_item_enabled_5":"0","products_deal_item_5":"","products_deal_end_time_5":"","products_deal_item_6":"","products_deal_end_time_6":"","call_to_action_v1_align":"left","call_to_action_v1_title_primary":"OUR STORY","call_to_action_v1_background_primary":"#b2d9c8","call_to_action_v1_title_secondary":"","call_to_action_v1_background_secondary":"#bce5d3","call_to_action_v1_content":"Lorem ipsum dolor sit amet, consectetur adipiscing elit. Cras<br\/> tempus nulla quis magna accumsan iaculis non vitae mi. Nam <br\/>ac consectetur purus, ut scelerisque turpis...","call_to_action_v1_button_url":"#","call_to_action_v1_button_text":"View now","call_to_action_v2_title":"NEW COLLECTION","call_to_action_v2_content":"Lorem ipsum dolor sit amet, consectetur adipiscing elit consectetur mauris","call_to_action_v2_url":"#","newsletter_v1_title":"Newsletter","newsletter_v1_content":"","about_us_newsletter_title":"About us","about_us_newsletter_sub_title":"See our store","about_us_newsletter_url":"#","about_us_newsletter_about_title":"We are Delphinus","about_us_newsletter_about_content":"","about_us_newsletter_newletter_title":"Newletter","about_us_newsletter_newletter_content":"Sign up to get the latest on sales, new releases and more","service_box_v1_name_1":"","service_box_v1_des_1":"","service_box_v1_name_2":"","service_box_v1_des_2":"","service_box_v1_name_3":"","service_box_v1_des_3":"","megamenu_3_column_5_title":"","megamenu_1_image_2_url":"#","contact_phone_number":"0987.654.321","_C_enable_posts":false,"text_title_posts":"Recent Posts","select_collection_product-content":"woment","interactive_banner_v2_url_1":"","interactive_banner_v2_url_2":"","interactive_banner_v2_url_3":"","slider_v2_enable_6":false,"color_nav_bg":"#ffffff","footer_social_link":"<ul class=\"social-nav\">\r\n                <li><a href=\"#\" target=\"_blank\"><i class=\"fa fa-facebook\"><\/i><\/a> <\/li>\r\n                <li><a href=\"#\" target=\"_blank\"><i class=\"fa fa-twitter\"><\/i><\/a> <\/li>\r\n                <li><a href=\"#\" target=\"_blank\"><i class=\"fa fa-instagram\"><\/i><\/a> <\/li>\r\n                <li><a href=\"#\" target=\"_blank\"><i class=\"fa fa-linkedin\"><\/i><\/a> <\/li>\r\n              <\/ul>","footer_menu_1_title":"Infomation","footer_menu_2_title":"Collections","footer_menu_3_title":"Extras","footer_menu_4_title":"Account","footer_menu_4":"","footer_contact_title":"Contact","footer_contact_content":"<p><strong style=\"color: #000\">Warehouse & Offices<\/strong>\r\n    <br>12345 Street name, California, USA\r\n    <br>0123 456 789 \/ 0123 456 788<\/p>\r\n<p><strong style=\"color: #000\">Retail Store<\/strong>\r\n    <br>54321 Street name, California, USA\r\n    <br>0123 456 789 \/ 0123 456 788<\/p>","footer_story_title":"The story","footer_story_content":"Lorem ipsum dolor sit amet, consectetur adipiscing elit. Sed a lectus a lorem efficitur dapibus. Integer ac pretium ipsum. Quisque viverra, magna in convallis consequat, ante enim finibus dolor, vitae fermentum mi nisi non libero. In id leo ut purus laoreet venenatis nec maximus sapien.","footer_social_enable":true,"footer_flipbox_title_2":"Free return","footer_flipbox_sub_title_2":"Free 90 days return","footer_flipbox_title_1":"Free shipping","footer_flipbox_sub_title_1":"On all orders over $100","testimonial_name_1":"","testimonial_info_1":"","testimonial_name_2":"","testimonial_info_2":"","testimonial_name_3":"","testimonial_info_3":"","testimonial_name_4":"","testimonial_info_4":"","testimonial_name_5":"","testimonial_info_5":"","testimonial_name_6":"","testimonial_info_6":"","parallax_intro_content":"BY US, BY HANDS AT OUR DELPHINUS STUDIO.","testimonial_title":"","testimonial_background_color":"#c7db9c","testimonial_enabled_bg":false,"testimonial_enabled_1":false,"testimonial_des_1":"","testimonial_enabled_2":false,"testimonial_des_2":"","testimonial_enabled_3":false,"testimonial_des_3":"","testimonial_enabled_4":false,"testimonial_des_4":"","testimonial_enabled_5":false,"testimonial_des_5":"","brand_carousel_v1_background_color":"#ffffff","interactive_banner_v1_enable_1":"1","interactive_banner_v1_enable_2":"1","interactive_banner_v1_enable_3":"1","slider_v3_enable_1":true,"slider_v3_title_1":"We are delphinus","slider_v3_content_1":"We made your home more beautiful","slider_v3_enable_2":true,"slider_v3_title_2":"We are delphinus","slider_v3_content_2":"We made your home more beautiful","slider_v3_enable_3":true,"slider_v3_title_3":"We are delphinus","slider_v3_content_3":"We made your home more beautiful","slider_v3_enable_4":true,"slider_v3_title_4":"We are delphinus","slider_v3_content_4":"We made your home more beautiful","slider_v3_enable_5":true,"slider_v3_title_5":"We are delphinus","slider_v3_content_5":"We made your home more beautiful","collection_carousel_v2_enable_1":false,"collection_carousel_v2_col_1":"","collection_carousel_v2_label_1":"","collection_carousel_v2_url_1":"","collection_carousel_v2_button_text_1":"Shop now","collection_carousel_v2_enable_2":false,"collection_carousel_v2_col_2":"","collection_carousel_v2_label_2":"","collection_carousel_v2_url_2":"","collection_carousel_v2_button_text_2":"Shop now","collection_carousel_v2_enable_3":false,"collection_carousel_v2_col_3":"","collection_carousel_v2_label_3":"","collection_carousel_v2_url_3":"","collection_carousel_v2_button_text_3":"Shop now","collection_carousel_v2_enable_4":false,"collection_carousel_v2_col_4":"","collection_carousel_v2_label_4":"","collection_carousel_v2_url_4":"","collection_carousel_v2_button_text_4":"Shop now","collection_carousel_v2_enable_5":false,"collection_carousel_v2_col_5":"","collection_carousel_v2_label_5":"","collection_carousel_v2_url_5":"","collection_carousel_v2_button_text_5":"Shop now","collection_carousel_v2_enable_6":false,"collection_carousel_v2_col_6":"","collection_carousel_v2_label_6":"","collection_carousel_v2_url_6":"","collection_carousel_v2_button_text_6":"Shop now","slider_v1_content_3.png":"","slider_v1_carousel_autoplay":"8000","slider_v1_carousel_enable_2":true,"slider_v1_carousel_enable_3":false,"slider_v1_carousel_enable_4":false,"slider_v1_carousel_enable_5":false,"slide_carousel_enable_1":true,"slide_background_color_1":"#DADBDD","slide_content_1":"Without retails shops and middleman, luxury  becomes  affordable","slide_url_1":"#","slide_button_text_1":"Shop now","slide_carousel_enable_2":true,"slide_background_color_2":"#DADBDD","slide_title_2":"NEW WAY TO DESIGN","slide_content_2":"Dephinus with a tool that makes design simple for everyone.","slide_url_2":"#","slide_button_text_2":"Shop now","slide_carousel_enable_3":false,"slide_background_color_3":"#DADBDD","slide_content_3.png":"","slide_url_3":"#","slide_button_text_3":"Shop now","slide_carousel_enable_4":false,"slide_background_color_4":"#DADBDD","slide_title_4":"Slide title","slide_content_4":"","slide_url_4":"#","slide_button_text_4":"Shop now","slide_carousel_enable_5":false,"slide_background_color_5":"#DADBDD","slide_content_5":"","slide_url_5":"#","slide_button_text_5":"Shop now","slide_carousel_autoplay":"8000","new_arrival_collection":"living-room","new_arrival_title":"New Arrivals","new_arrival_url":"#","new_arrival_num":"4","new_arrival_limit":"8","featured_collection":"frontpage","featured_title":"Featured Products","featured_item_url":"#","featured_num":"4","featured_limit":"8","parallax_index_content":"BY US, BY HANDS AT OUR Delphinus STUDIO.","interactive_banner_1":"20% Sale on all Product","interactive_url_1":"#banner1","interactive_banner_2":"New collection, new sale","interactive_url_2":"#banner2","header_mobile_menu":"home-page","footer_newsletter_enable":true,"enable_shop_by_tags_4":true,"shop_by_tags_4_title":"Brand","shop_by_tags_4_list_tags":"Aecraft, Artek, Bower, Culinarium, Desu","embed_code":"<iframe src=\"https:\/\/www.google.com\/maps\/embed?pb=!1m18!1m12!1m3!1d3023.9430831617974!2d-73.84385868412926!3d40.719269445106846!2m3!1f0!2f0!3f0!3m2!1i1024!2i768!4f13.1!3m3!1m2!1s0x89c2609e1c08e7ad%3A0x74947fc3a4d8af6f!2s109-1+72nd+Rd%2C+Forest+Hills%2C+NY+11375%2C+Hoa+K%E1%BB%B3!5e0!3m2!1svi!2s!4v1458377830375\" width=\"1170\" height=\"450\" frameborder=\"0\" style=\"border:0\" allowfullscreen><\/iframe>","contact_box_1":"123 Sky Tower, West 21th Street,<br> Suite 721, NY","contact_box_i1":"map-marker","contact_box_2":"+844 123 456 789<br> +844 123 456 789","contact_box_i2":"phone-square","contact_box_3":"contact@company.com<br> info@company.com","contact_box_i3":"envelope","slide_content_3":"","footer_openning_title":"Openning time","footer_openning_content":"<h6 style=\"font-size: 24px;color: #000;font-size: 18px;    text-decoration: underline;\">1900 - 123 - 555<\/h6>\r\n<p>\r\n    Monday - Friday...........8.00 to 18.00\r\n    <br>\r\n    Saturday.......................9.00 to 21.00\r\n    <br>Sunday.........................10.00 to 21.00<\/p>","brand_carousel_title":"Our brands","brand_grid_item":"6","brand_carousel_enable_1":true,"brand_carousel_url_1":"#","brand_carousel_enable_2":true,"brand_carousel_url_2":"#","brand_carousel_enable_3":true,"brand_carousel_url_3":"#","brand_carousel_enable_4":true,"brand_carousel_url_4":"#","brand_carousel_enable_5":true,"brand_carousel_url_5":"#","brand_carousel_enable_6":true,"brand_carousel_url_6":"#","brand_carousel_enable_7":true,"brand_carousel_url_7":"#","brand_carousel_enable_8":true,"brand_carousel_url_8":"#","brand_carousel_enable_9":true,"brand_carousel_url_9":"#","brand_carousel_enable_10":true,"brand_carousel_url_10":"#","b1_url":"https:\/\/fashion-shop-11.myshopify.com\/","b2_url":"https:\/\/fashion-shop-11.myshopify.com\/","b3_url":"https:\/\/fashion-shop-11.myshopify.com\/","b4_url":"https:\/\/fashion-shop-11.myshopify.com\/","custom_center_title":"Our story","custom_center_content":"There's never been a better time for men to like clothes. But along with the rich variety of labels, styles, and stores speaking to guys of all shapes and sizes comes increased competition. In that crowded landscape, even the most storied brands have to find.\r\n        channelling history while looking towards the future.","custom_center_author":"by Komol Kuchkarov","custom_html_bottom":"","nb_column":"3","slide_carousel_url_1":"#","slide_carousel_url_2":"#","slide_carousel_url_3":"#","slide_carousel_url_4":"#","slide_carousel_url_5":"#","margin-top-section":"10","margin-bottom-section":"10","bestseller_collection":"","bestseller_title":"Bestseller Products","bestseller_item_url":"#","bestseller_num":"2","bestseller_limit":"8","tab_num":"4","tab_limit":"8","tab_title_1":"Boys","tab_collection_1":"","tab_title_2":"Kids","tab_collection_2":"","tab_title_3":"Men","tab_collection_3":"men","tab_title_4":"Women","tab_collection_4":"women","custom_html_top":"<div class=\"grid\">\r\n    <div class=\"grid__item large--two-thirds medium--two-thirds\">\r\n        <a href=\"#\" class=\"effect-v3 space-20\" title=\"banner\"><img src=\"\/\/cdn.shopify.com\/s\/files\/1\/1170\/8098\/t\/2\/assets\/b1.jpg\" alt=\"\" class=\"img-responsive\"><\/a>\r\n        <div class=\"grid\">\r\n        <div class=\"grid__item large--one-half medium--one-half\">\r\n            <a href=\"#\" class=\"effect-v3\" title=\"banner\"><img src=\"\/\/cdn.shopify.com\/s\/files\/1\/1170\/8098\/t\/2\/assets\/b2.jpg\" alt=\"\" class=\"img-responsive\"><\/a>\r\n        <\/div>\r\n        <div class=\"grid__item large--one-half medium--one-half\">\r\n            <a href=\"#\" class=\"effect-v3\" title=\"banner\"><img src=\"\/\/cdn.shopify.com\/s\/files\/1\/1170\/8098\/t\/2\/assets\/b3.jpg\" alt=\"\" class=\"img-responsive\"><\/a>\r\n        <\/div>\r\n        <\/div>\r\n    <\/div>\r\n    <div class=\"grid__item large--one-third medium--one-third\">\r\n        <a href=\"#\" class=\"effect-v3\" title=\"banner\"><img src=\"\/\/cdn.shopify.com\/s\/files\/1\/1170\/8098\/t\/2\/assets\/b4.jpg\" alt=\"\" class=\"img-responsive\"><\/a>\r\n    <\/div>\r\n<\/div>","custom_html_center":"<div class=\"space-top-50 space-padding-70 border border-8\">\r\n\r\n<div class=\"grid\">\r\n    <div class=\"grid__item large--two-thirds medium--two-thirds\">\r\n        <h2 class=\"section-header text-left\">Our story<\/h2>\r\n        <br>\r\n        <p>There's never been a better time for men to like clothes. But along with the rich variety of labels, styles, and stores speaking to guys of all shapes and sizes comes increased competition. In that crowded landscape, even the most storied brands have to find.\r\n        channelling history while looking towards the future.<\/p>\r\n        <br><span style=\"font-style: italic;\">by Komol Kuchkarov<\/span>\r\n    <\/div>\r\n\r\n    <div class=\"grid__item large--one-third medium--one-third\">\r\n        <img src=\"\/\/cdn.shopify.com\/s\/files\/1\/1170\/8098\/t\/2\/assets\/b5.png\" alt=\"banner\">\r\n    <\/div>\r\n<\/div>\r\n\r\n<\/div>","social_facebook_link":"","social_twitter_link":"","sections":{"header":{"type":"header","settings":{"header_default_for_homepage":"header","header_default_for_other_page":"header-v4"}},"footer":{"type":"footer","settings":{"footer_default_for_homepage":"footer","footer_default_for_other_page":"footer"}},"1478574105818":{"type":"section-brand","blocks":{"1478574121552":{"type":"image","settings":{"brand_carousel":"shopify:\/\/shop_images\/customer_label_1_bfd20b1b-8c34-4ba9-85a4-76808e0e3f79.jpg","url":"#"}},"1478574146850":{"type":"image","settings":{"brand_carousel":"shopify:\/\/shop_images\/customer_label_2_66a74a14-959b-4604-a636-3ba16813818b.jpg","url":"#"}},"1478574154431":{"type":"image","settings":{"brand_carousel":"shopify:\/\/shop_images\/customer_label_3_c9c17944-1993-43b6-8fe4-b706ca7f76f9.jpg","url":"#"}},"1478574162158":{"type":"image","settings":{"brand_carousel":"shopify:\/\/shop_images\/customer_label_4_e31a5fe5-7f2c-4c46-8b6b-063dabb3abfa.jpg","url":"#"}},"1478574170071":{"type":"image","settings":{"brand_carousel":"shopify:\/\/shop_images\/customer_label_5_fff2583b-7d72-401d-beb9-0a7831dbf850.jpg","url":"#"}},"1478574178066":{"type":"image","settings":{"brand_carousel":"shopify:\/\/shop_images\/customer_label_6_0d8eb8c8-232b-4239-94dd-53ddeb06d401.jpg","url":"#"}},"1478574186781":{"type":"image","settings":{"brand_carousel":"shopify:\/\/shop_images\/customer_label_1_a2b43a43-e9a3-464d-89a4-19ff57e3bd5f.jpg","url":"#"}},"1478574196993":{"type":"image","settings":{"brand_carousel":"shopify:\/\/shop_images\/customer_label_3_69944920-9629-4370-936a-0d33d0cd211e.jpg","url":"#"}},"1478574204047":{"type":"image","settings":{"brand_carousel":"shopify:\/\/shop_images\/customer_label_4_78453f1e-8a9a-4087-8ed6-a32954b67737.jpg","url":"#"}},"1478574212556":{"type":"image","settings":{"brand_carousel":"shopify:\/\/shop_images\/customer_label_5_66cab30c-d48f-41f8-a29f-faa2fa44f588.jpg","url":""}}},"block_order":["1478574121552","1478574146850","1478574154431","1478574162158","1478574170071","1478574178066","1478574186781","1478574196993","1478574204047","1478574212556"],"settings":{"home_section_full":false,"home_section_space_1":""}},"1478575005385":{"type":"section-banner-3col","blocks":{"1478575011539":{"type":"image","settings":{"banner_carousel":"shopify:\/\/shop_images\/shop_demin1_d0525e36-ef39-4ada-9f3a-a44355adba75.jpg","url":"#"}},"1478575140618":{"type":"image","settings":{"banner_carousel":"shopify:\/\/shop_images\/shop_active_25ad384c-2e7d-423b-8999-7f13c5b2aa49.jpg","url":"#"}},"1478575149126":{"type":"image","settings":{"banner_carousel":"shopify:\/\/shop_images\/shop_demin2_3c1a4926-428c-4e12-8926-80c0cfafd28d.jpg","url":"#"}}},"block_order":["1478575011539","1478575140618","1478575149126"],"settings":{"home_section_full":true,"home_section_space_1":"space-top-30"}},"1480473390355":{"type":"section-slider-v1","settings":{"home_section_full":true,"home_section_space_1":"","slider_v1_enable_1":true,"slider_v1_background_color_1":"#dadbdd","slider_v1_background_1":"shopify:\/\/shop_images\/slide2_v1_28a65dd4-3c8a-4bc7-9151-bc3120130837.jpg","slider_v1_image_1":"shopify:\/\/shop_images\/number_off_62731bf0-f2d8-4d97-9a9d-707597607672.png","slider_v1_title_1":"FREE SHIPPHING +","slider_v1_content_1":"ENTIRE SITE","slider_v1_image_left_1":"shopify:\/\/shop_images\/line_upto_e0eba12d-0de3-49e6-87a3-7c79c7295255.png","slider_v1_title_text_1":"Up To","slider_v1_image_right_1":"shopify:\/\/shop_images\/line_upto_2386a312-c6f3-4be9-b28d-3cb1a43205fb.png","slider_v1_text_1":"With your 25% off saving pass","slider_v1_enable_2":true,"slider_v1_background_color_2":"#DADBDD","slider_v1_background_2":"shopify:\/\/shop_images\/slide1_v1_0c57e21a-54b4-4d00-ace4-e916880e2087.jpg","slider_v1_title_2":"WE SHIP","slider_v1_content_2":"GLOBALLY!","slider_v1_text_2":"NOW  TO","slider_v1_image_2":"shopify:\/\/shop_images\/line_slide1_b84caafb-eb1a-45bc-8f1a-622579bfd0d0.png","slider_v1_enable_3":false,"slider_v1_background_color_3":"#DADBDD","slider_v1_background_3":"","slider_v1_title_3":"WE SHIP","slider_v1_content_3":"GLOBALLY!","slider_v1_text_3":"NOW  TO","slider_v1_image_3":"","slider_v1_enable_4":false,"slider_v1_background_color_4":"#DADBDD","slider_v1_background_4":"","slider_v1_title_4":"WE SHIP","slider_v1_content_4":"GLOBALLY!","slider_v1_text_4":"NOW  TO","slider_v1_image_4":"","slider_v1_enable_5":false,"slider_v1_background_color_5":"#DADBDD","slider_v1_background_5":"","slider_v1_title_5":"WE SHIP","slider_v1_content_5":"GLOBALLY!","slider_v1_text_5":"NOW  TO","slider_v1_image_5":"","slider_v2_autoplay":"8000"}},"1480473618596":{"type":"section-banner-v1","settings":{"home_section_full":false,"home_section_space_1":"","image_1":"shopify:\/\/shop_images\/boys_4a8149bd-5fc1-4047-8400-e76f61244b5a.png","link_1":"#","image_2":"shopify:\/\/shop_images\/girls_adea5a52-c9aa-4e25-ac5a-8c45ece26c82.png","link_2":"#","image_3":"shopify:\/\/shop_images\/boy_girl_968dd510-51bd-428e-a2e3-0e3c5afa66b0.png","link_3":"#"}},"1480473740512":{"type":"section-tab-product-v1","blocks":{"1480473762688":{"type":"text","settings":{"collection_title_tab":"Most Wanted","collection_product_tab":"wanter"}},"1480473818957":{"type":"text","settings":{"collection_title_tab":"New Arrival","collection_product_tab":"arrival"}},"1480473858417":{"type":"text","settings":{"collection_title_tab":"Best Seller","collection_product_tab":"best-seller"}}},"block_order":["1480473762688","1480473818957","1480473858417"],"settings":{"home_section_full":true,"home_section_space_1":"","collection_product_tab_limit":"12","collection_product_tab_text":"Featured Products"}},"1480474231096":{"type":"section-countdow-v1","settings":{"home_section_full":false,"home_section_space_1":"","image_1":"shopify:\/\/shop_images\/girl_counter_cb3df99d-d492-4b54-ac93-913ac9f725ad.png","image_2":"shopify:\/\/shop_images\/boy_counter_14313e29-cc8c-4a2d-bed8-df8df338d9e6.png","title":"Online Only","sub_title":"Get 30% off your order of $100 or more","text":"Use Code <span>\"HappyKids Fashion\"<\/span>","data_time":"2016-12-24-14-30-45"}},"1480474449182":{"type":"testimonial","blocks":{"1480474478727":{"type":"text","settings":{"testimonial_image":"shopify:\/\/shop_images\/avatar_fb2f7486-9700-418d-a80b-d167ec928036.png","testimonial_content":"I rarely write reviews for products but with the EngoCreative, I am more than grateful. The site is fully customizable and you can really feel like playing while designing the site! Thanks again for having made such a convenient, yet fully-functional theme.","name":"JONATHAN VANCE","info":"CEO & Founder EngoCreative"}},"1480474579799":{"type":"text","settings":{"testimonial_image":"shopify:\/\/shop_images\/avatar_4e6374ba-4309-4819-b903-fd077e86c935.png","testimonial_content":"I rarely write reviews for products but with the EngoCreative, I am more than grateful. The site is fully customizable and you can really feel like playing while designing the site! Thanks again for having made such a convenient, yet fully-functional theme.","name":"JONATHAN VANCE","info":"CEO & Founder EngoCreative"}},"1480474581398":{"type":"text","settings":{"testimonial_image":"shopify:\/\/shop_images\/avatar_ac24801b-181a-4c31-b5cc-e7fab1da0680.png","testimonial_content":"I rarely write reviews for products but with the EngoCreative, I am more than grateful. The site is fully customizable and you can really feel like playing while designing the site! Thanks again for having made such a convenient, yet fully-functional theme.","name":"JONATHAN VANCE","info":"CEO & Founder EngoCreative"}}},"block_order":["1480474478727","1480474579799","1480474581398"],"settings":{"home_section_full":true,"home_section_space":"space-top-100","background_image":"shopify:\/\/shop_images\/background_testimodial1_211bc88e-5935-40f9-bd92-471477531574.jpg"}},"1480474824361":{"type":"section-blog-v1","settings":{"home_section_full":false,"home_section_space_1":"","latest_blog_title":"Latest News","blog_tab_v1_limit":"8"}}},"content_for_index":["1480473390355","1480473618596","1480473740512","1480474231096","1480474449182","1478575005385","1478574105818","1480474824361"]},"presets":{"Default":{"ajax_cart_method":"drawer","cart_notes_enable":true,"color_body_bg":"#fff","color_body_text":"#333333","color_borders":"#e5e5e5","color_footer_bg":"#f2f2f2","color_footer_social_link":"#bbbbbb","color_footer_text":"#636363","color_primary":"#747474","color_secondary":"#bbb","favicon_enable":false,"footer_newsletter_enable":true,"footer_social_enable":true,"logo_use_image":false,"social_facebook_link":"","social_twitter_link":""}}}